tank,channel,season,density,drainage,species,ecotype,size_class,sex,id,marked_by,proc_date,fish_in_date,sex_stage,initial_sl,initial_mass,initial_tl,died_in_lab,fish_out_date,final_sex,final_sl,final_tl,final_mass,died,replacement_fish,notes
1,13,dry,Low,Aripo,killifish,KG,15,-,2K3Y,TGP,2/2/2022,3/2/2022,,18.01,0.094,22.73,N,,,,,,yes,N,
1,13,dry,Low,Aripo,killifish,KG,15,-,3B4G,TGP,2/2/2022,3/2/2022,,17.4,0.088,22.33,N,3/3/2022,,29.07,33.43,0.401,no,N,
1,13,dry,Low,Aripo,killifish,KG,25,-,1S4B,TGP,2/2/2022,3/2/2022,,23.53,0.195,29.05,N,,,,,,yes,N,
1,13,dry,Low,Aripo,killifish,KG,25,-,2K4O,TGP,2/2/2022,3/2/2022,,29.52,0.368,35.57,N,3/3/2022,,38.49,46.36,1.055,no,N,
1,13,dry,Low,Aripo,killifish,KG,25,-,1B2B,TGP,2/2/2022,3/2/2022,,27.99,0.341,33.57,N,3/3/2022,,37.83,42.06,0.74,no,N,
1,13,dry,Low,Aripo,killifish,KG,35,-,3K4O,TGP,2/2/2022,3/2/2022,,29.96,0.423,36.06,N,3/3/2022,,38.52,42.68,0.783,no,N,
1,13,dry,Low,Aripo,killifish,KG,35,-,3R4O,TGP,2/2/2022,3/2/2022,,31.65,0.478,39.15,N,3/3/2022,,41.32,45.52,1.032,no,N,
1,13,dry,Low,Aripo,killifish,KG,45,M,1P4O,TGP,2/2/2022,3/2/2022,,51.35,1.828,59.28,N,3/3/2022,M,49.12,59.72,1.925,no,N,
1,13,dry,Low,Aripo,killifish,KG,45,F,2O4B,TGP,2/2/2022,3/2/2022,,69.13,4.78,78.19,N,3/3/2022,F,69.18,78.28,4.617,no,N,
1,13,dry,Low,Aripo,killifish,KG,55,F,2G4G,TGP,2/2/2022,3/2/2022,,55.15,2.221,62.4,N,,,,,,yes,N,
2,10,dry,High,Aripo,killifish,KG,15,-,1P2Y,TGP,2/2/2022,3/2/2022,,16.48,0.073,20.88,N,3/3/2022,,19.13,22.68,0.105,no,N,
2,10,dry,High,Aripo,killifish,KG,15,-,2B4B,TGP,2/2/2022,3/2/2022,,16.92,0.077,21.37,N,3/3/2022,,23.67,26.99,0.172,no,N,
2,10,dry,High,Aripo,killifish,KG,15,-,3R4R,TGP,2/2/2022,3/2/2022,,18.89,0.096,23.54,N,,,,,,yes,N,Swollen stomach
2,10,dry,High,Aripo,killifish,KG,15,-,3W4K,TGP,2/2/2022,3/2/2022,,15.23,0.055,19.03,N,,,,,,yes,N,
2,10,dry,High,Aripo,killifish,KG,25,-,2O3S,TGP,2/2/2022,3/2/2022,,24.9,0.204,29.99,N,3/3/2022,M,29.57,33.09,0.401,no,N,
2,10,dry,High,Aripo,killifish,KG,25,-,2R3Y,TGP,2/2/2022,3/2/2022,,24.89,0.23,30.43,N,3/3/2022,,32.74,37.93,0.512,no,N,
2,10,dry,High,Aripo,killifish,KG,25,-,2R4W,TGP,2/2/2022,3/2/2022,,26.03,0.275,32.55,N,,,,,,yes,N,
2,10,dry,High,Aripo,killifish,KG,25,-,1O2W,TGP,2/2/2022,3/2/2022,,26.36,0.273,31.9,N,3/3/2022,,36.09,39.4,0.627,no,N,
2,10,dry,High,Aripo,killifish,KG,25,-,1R3B,TGP,2/2/2022,3/2/2022,,26.69,0.248,32.02,N,,,,,,yes,N,
2,10,dry,High,Aripo,killifish,KG,25,-,2O3B,TGP,2/2/2022,3/2/2022,,35.27,0.52,39.59,N,3/3/2022,,39.56,46.81,0.885,no,N,
2,10,dry,High,Aripo,killifish,KG,35,-,2K4P,TGP,2/2/2022,3/2/2022,,34.62,0.637,42.23,N,3/3/2022,,41.2,45.4,0.827,no,N,
2,10,dry,High,Aripo,killifish,KG,35,-,3Y4Y,TGP,2/2/2022,3/2/2022,,45.03,1.443,54.59,N,,,,,,yes,N,
2,10,dry,High,Aripo,killifish,KG,35,-,3B4K,TGP,2/2/2022,3/2/2022,,48.69,1.775,57.76,N,3/3/2022,F,52.89,60.86,2.536,no,N,
2,10,dry,High,Aripo,killifish,KG,35,-,1W3B,TGP,2/2/2022,3/2/2022,,35.92,0.703,43.79,N,,,,,,yes,N,
2,10,dry,High,Aripo,killifish,KG,45,M,2P3Y,TGP,2/2/2022,3/2/2022,,31.42,0.445,38.58,N,3/3/2022,,37.63,44.95,0.719,no,N,
2,10,dry,High,Aripo,killifish,KG,45,M,2S3R,TGP,2/2/2022,3/2/2022,,34.55,0.676,41.54,N,3/3/2022,,39.84,44.94,0.863,no,N,
2,10,dry,High,Aripo,killifish,KG,45,F,1R4W,TGP,2/2/2022,3/2/2022,,35.75,0.703,42.39,N,3/3/2022,,40.16,44.97,0.855,no,N,
2,10,dry,High,Aripo,killifish,KG,45,F,1P2W,TGP,2/2/2022,3/2/2022,,41.16,1.111,48.35,N,3/3/2022,,42.66,50.34,1.219,no,N,
2,10,dry,High,Aripo,killifish,KG,55,F,2Y3Y,TGP,2/2/2022,3/2/2022,,52.23,1.997,60.22,N,3/3/2022,,55.37,63.16,2.482,no,N,
2,10,dry,High,Aripo,killifish,KG,55,F,1S2S,TGP,2/2/2022,3/2/2022,,65.88,4.948,75.89,N,3/3/2022,,68.47,77.39,5.337,no,N,
3,9,dry,Low,Aripo,killifish,KG,15,-,2P4B,TGP,2/2/2022,3/2/2022,,17.81,0.087,22.6,N,,,,,,yes,N,
3,9,dry,Low,Aripo,killifish,KG,15,-,1Y,TGP,2/2/2022,3/2/2022,,12.92,0.036,15.21,N,3/3/2022,,21.04,24.97,0.155,no,N,
3,9,dry,Low,Aripo,killifish,KG,25,-,1B4O,TGP,2/2/2022,3/2/2022,,22.95,0.184,28.28,N,3/3/2022,M,36.24,40.76,0.666,no,N,
3,9,dry,Low,Aripo,killifish,KG,25,-,1K4B,TGP,2/2/2022,3/2/2022,,22.62,0.165,27.31,N,,,,,,yes,N,
3,9,dry,Low,Aripo,killifish,KG,25,-,3O4K,TGP,2/2/2022,3/2/2022,,25.56,0.281,31.35,N,,,,,,yes,N,
3,9,dry,Low,Aripo,killifish,KG,35,-,1Y2P,RSM,2/2/2022,3/2/2022,,38.36,0.717,42.84,N,3/3/2022,,40.93,44.09,0.935,no,N,
3,9,dry,Low,Aripo,killifish,KG,35,-,2K3S,RSM,2/2/2022,3/2/2022,,33.5,0.474,37.31,N,3/3/2022,,40.59,44.13,1.612,no,N,
3,9,dry,Low,Aripo,killifish,KG,45,M,2O4Y,TGP,2/2/2022,3/2/2022,,42.49,1.257,51.24,N,,,,,,yes,N,
3,9,dry,Low,Aripo,killifish,KG,45,F,1Y3P,RSM,2/2/2022,3/2/2022,,42.14,1.027,47.42,N,3/3/2022,,45.8,50.94,1.482,no,N,
3,9,dry,Low,Aripo,killifish,KG,55,F,3O4Y,RSM,2/2/2022,3/2/2022,,71.72,4.86,81.79,N,3/3/2022,F,73.84,83.76,5.401,no,N,4 eggs popped out during processing
4,14,dry,High,Aripo,killifish,KG,15,-,2Y4W,TGP,2/2/2022,3/2/2022,,15.73,0.062,18.03,N,3/3/2022,,21.55,23.24,0.234,no,N,IP
4,14,dry,High,Aripo,killifish,KG,15,-,3K4R,TGP,2/2/2022,3/2/2022,,18.86,0.112,23.19,N,3/3/2022,,26.25,29.74,0.254,no,N,
4,14,dry,High,Aripo,killifish,KG,15,-,1G4O,TGP,2/2/2022,3/2/2022,,17.42,0.088,21.59,Y,,,,,,yes,N,died after processing
4,14,dry,High,Aripo,killifish,KG,15,-,1G,TGP,2/3/2022,3/2/2022,,18.92,0.101,23.64,N,3/3/2022,,29.19,33.25,0.342,no,N,replacement before meso
4,14,dry,High,Aripo,killifish,KG,15,-,3B4Y,TGP,2/2/2022,3/2/2022,,17.15,0.086,20.2,N,3/3/2022,,23.13,25.79,0.17,no,N,
4,14,dry,High,Aripo,killifish,KG,25,-,2W3Y,TGP,2/2/2022,3/2/2022,,22.74,0.183,28.15,N,3/3/2022,,30.13,34.77,0.411,no,N,
4,14,dry,High,Aripo,killifish,KG,25,-,2P4K,RSM,2/2/2022,3/2/2022,,25.03,0.123,29.03,N,3/3/2022,,33.68,37.54,0.525,no,N,
4,14,dry,High,Aripo,killifish,KG,25,-,2B4O,RSM,2/2/2022,3/2/2022,,22.06,0.173,25.53,N,3/3/2022,,25.3,29.96,0.223,no,N,
4,14,dry,High,Aripo,killifish,KG,25,-,1K4P,TGP,2/2/2022,3/2/2022,,30.08,0.412,36.71,N,,,,,,yes,N,
4,14,dry,High,Aripo,killifish,KG,25,-,1Y3Y,CC,2/2/2022,3/2/2022,,20.7,0.143,26.19,N,3/3/2022,,30.5,34.55,0.354,no,N,
4,14,dry,High,Aripo,killifish,KG,25,-,1G4Y,TGP,2/2/2022,3/2/2022,,20.26,0.133,24.83,N,3/3/2022,,30.43,35.03,0.358,no,N,
4,14,dry,High,Aripo,killifish,KG,35,-,1K2B,TGP,2/2/2022,3/2/2022,,33.28,0.593,38.83,N,,,,,,yes,N,
4,14,dry,High,Aripo,killifish,KG,35,-,3R4W,TGP,2/2/2022,3/2/2022,,31.45,0.457,38.87,N,,,,,,yes,N,
4,14,dry,High,Aripo,killifish,KG,35,-,2R4O,RSM,2/2/2022,3/2/2022,,38.74,0.807,43.93,N,,,,,,yes,N,
4,14,dry,High,Aripo,killifish,KG,35,-,3G4W,TGP,2/2/2022,3/2/2022,,30.38,0.448,38.95,N,3/3/2022,,39.5,44.84,0.8,no,N,
4,14,dry,High,Aripo,killifish,KG,45,M,1S2K,RSM,2/2/2022,3/2/2022,,47.16,1.547,54.92,N,3/3/2022,F,49.64,57.29,1.837,no,N,
4,14,dry,High,Aripo,killifish,KG,45,M,1R4B,RSM,2/2/2022,3/2/2022,,39.07,0.855,46.09,N,,,,,,yes,N,
4,14,dry,High,Aripo,killifish,KG,45,F,2O4K,TGP,2/2/2022,3/2/2022,,61.98,2.255,67.29,N,3/3/2022,F,61.35,69.03,3.114,no,N,
4,14,dry,High,Aripo,killifish,KG,45,F,2B3Y,TGP,2/2/2022,3/2/2022,,25.95,0.257,32.33,N,3/3/2022,M,33.1,36.45,0.634,no,N,
4,14,dry,High,Aripo,killifish,KG,55,F,2G3R,RSM,2/2/2022,3/2/2022,,53.14,2.016,60.28,N,3/3/2022,M,53.4,60.58,2.183,no,N,marks hard to read
4,14,dry,High,Aripo,killifish,KG,55,F,2P4Y,RSM,2/2/2022,3/2/2022,,64.03,3.907,72.88,N,3/3/2022,F,66.43,75.53,4.624,no,N,
5,16,dry,Low,Aripo,killifish,KO,15,-,1W4Y,TGP,2/2/2022,3/2/2022,,18.78,0.1,22.87,N,3/3/2022,I,21.06,25.08,0.143,no,N,
5,16,dry,Low,Aripo,killifish,KO,15,-,3K4K,TGP,2/2/2022,3/2/2022,,16.65,0.079,21.03,N,3/3/2022,I,20.39,22.9,0.12,no,N,
5,16,dry,Low,Aripo,killifish,KO,25,-,1Y2O,TGP,2/2/2022,3/2/2022,,25.97,0.239,31.43,N,,,,,,yes,N,IP
5,16,dry,Low,Aripo,killifish,KO,25,-,1R3G,TGP,2/2/2022,3/2/2022,,21.75,0.141,26.8,N,3/3/2022,I,31.49,36.26,0.413,no,N,
5,16,dry,Low,Aripo,killifish,KO,25,-,1G3O,TGP,2/2/2022,3/2/2022,,29.08,0.345,35.51,N,3/3/2022,M,32.27,38.49,1.006,no,N,IP
5,16,dry,Low,Aripo,killifish,KO,35,-,2P3G,TGP,2/2/2022,3/2/2022,,31.94,0.47,36.62,N,3/3/2022,M,36.08,41.31,0.557,no,N,
5,16,dry,Low,Aripo,killifish,KO,35,-,2W3P,TGP,2/2/2022,3/2/2022,,36.49,0.689,43.73,N,3/3/2022,M,41.59,48.6,1.127,no,N,
5,16,dry,Low,Aripo,killifish,KO,45,M,1K3P,RSM,2/2/2022,3/2/2022,,41.81,0.972,47.47,N,3/3/2022,M,49.32,55.5,1.746,no,N,
5,16,dry,Low,Aripo,killifish,KO,45,F,1B4G,TGP,2/2/2022,3/2/2022,M,45.99,1.406,54.71,N,3/3/2022,M,49.46,57.66,2.139,no,N,
5,16,dry,Low,Aripo,killifish,KO,55,F,1W3W,TGP,2/2/2022,3/2/2022,,59.95,2.83,67.61,N,3/3/2022,F,63.83,70.98,4.082,no,N,
6,15,dry,High,Aripo,killifish,KO,15,-,IR4K,TP,2/2/2022,3/2/2022,,18.6,0.106,23.47,N,3/3/2022,I,21,,,yes,N,found dead when fishing
6,15,dry,High,Aripo,killifish,KO,15,-,1S3Y,TP,2/2/2022,3/2/2022,,18.84,0.083,23.8,N,,,,,,yes,N,IP
6,15,dry,High,Aripo,killifish,KO,15,-,2G3G,RM,2/2/2022,3/2/2022,,16.61,0.066,19.06,N,3/3/2022,,22.1,25.34,0.196,no,N,IP after
6,15,dry,High,Aripo,killifish,KO,15,-,1R2Y,TP,2/2/2022,3/2/2022,,19.4,0.114,23.86,N,3/3/2022,M,49.82,57.19,1.695,no,N,NOT THE RIGHT FISH OUT DATA?
6,15,dry,High,Aripo,killifish,KO,25,-,1G2Y,TP,2/2/2022,3/2/2022,,22.07,0.17,26.98,N,,,,,,yes,N,IP
6,15,dry,High,Aripo,killifish,KO,25,-,2R4G,RM,2/2/2022,3/2/2022,,27.78,0.271,32.25,N,3/3/2022,,32.19,36.52,0.456,no,N,
6,15,dry,High,Aripo,killifish,KO,25,-,2G3W,RM,2/2/2022,3/2/2022,,28.39,0.257,33.89,N,3/3/2022,,41.16,44.78,0.601,no,N,NOT THE RIGHT FISH?
6,15,dry,High,Aripo,killifish,KO,25,-,2B3R,TP,2/2/2022,3/2/2022,,21.58,0.152,26.7,N,3/3/2022,,29.62,34.83,0.344,no,N,
6,15,dry,High,Aripo,killifish,KO,25,-,1B4K,RM,2/2/2022,3/2/2022,,21.64,0.366,23.74,N,,,,,,yes,N,IP
6,15,dry,High,Aripo,killifish,KO,25,-,1P3K,TP,2/2/2022,3/2/2022,,25.07,0.233,31.39,N,3/3/2022,,26.6,30.31,0.238,no,N,IP
6,15,dry,High,Aripo,killifish,KO,35,-,1K2G,RM,2/2/2022,3/2/2022,,39.25,1.321,45.32,N,3/3/2022,M,39.14,45.57,0.727,no,N,
6,15,dry,High,Aripo,killifish,KO,35,-,1G4G,TP,2/2/2022,3/2/2022,,37.07,0.794,45.14,N,3/3/2022,,43.56,47.48,1.038,no,N,
6,15,dry,High,Aripo,killifish,KO,35,-,1O2B,RM,2/2/2022,3/2/2022,,32.36,0.759,36.15,N,,,,,,yes,N,
6,15,dry,High,Aripo,killifish,KO,35,-,3W4P,TP,2/2/2022,3/2/2022,,30.86,0.435,37.83,N,3/3/2022,,26.6,30.21,0.238,no,N,IP
6,15,dry,High,Aripo,killifish,KO,45,M,1O4Y,RM,2/2/2022,3/2/2022,,42.6,0.922,50.01,N,3/3/2022,,39.14,45.57,0.727,no,N,
6,15,dry,High,Aripo,killifish,KO,45,M,3B4O,RM,2/2/2022,3/2/2022,,40.22,1.252,47.29,N,3/3/2022,M,45.84,49.02,1.156,no,N,
6,15,dry,High,Aripo,killifish,KO,45,F,1B4B,RM,2/2/2022,3/2/2022,,40.49,0.983,45.41,N,3/3/2022,,40.09,44.79,1.022,no,N,
6,15,dry,High,Aripo,killifish,KO,45,F,2Y4S,RM,2/2/2022,3/2/2022,,47.63,1.614,56.71,N,,,,,,yes,N,
6,15,dry,High,Aripo,killifish,KO,55,F,2K3P,RM,2/2/2022,3/2/2022,M,62.72,3.653,70.7,N,3/3/2022,M,61.88,72,4.052,no,N,
6,15,dry,High,Aripo,killifish,KO,55,F,1P2R,TP,2/2/2022,3/2/2022,M,62.69,3.82,74.82,N,3/3/2022,F,65.96,73.9,4.196,no,N,
7,12,dry,Low,Aripo,killifish,KO,15,-,1K2S,TGP,2/2/2022,3/2/2022,M,25.19,0.238,31.78,N,3/3/2022,,36.53,42.58,0.769,no,N,
7,12,dry,Low,Aripo,killifish,KO,15,-,1W4B,TGP,2/2/2022,3/2/2022,,21.73,0.167,27.94,N,3/3/2022,,35.27,40.51,0.669,no,N,
7,12,dry,Low,Aripo,killifish,KO,25,-,1B4W,TGP,2/2/2022,3/2/2022,,22.43,0.158,26.93,N,,,,,,yes,N,IP
7,12,dry,Low,Aripo,killifish,KO,25,-,1B3S,TGP,2/2/2022,3/2/2022,,26.87,0.351,32.86,N,3/3/2022,,29.88,34.85,0.369,no,N,
7,12,dry,Low,Aripo,killifish,KO,25,-,1P3R ,TGP,2/2/2022,3/2/2022,,25.7,0.243,31.3,N,,,,,,yes,N,
7,12,dry,Low,Aripo,killifish,KO,35,-,1G3K,TGP,2/2/2022,3/2/2022,,34.24,0.666,41.66,N,3/3/2022,,45.67,53.27,1.562,no,N,
7,12,dry,Low,Aripo,killifish,KO,35,-,2Y4B,TGP,2/2/2022,3/2/2022,M,32.72,0.603,40.45,N,3/3/2022,,43.16,48,1.085,no,N,
7,12,dry,Low,Aripo,killifish,KO,45,M,2G3S,TGP,2/2/2022,3/2/2022,M,47.28,1.559,56.48,N,,,,,,yes,N,
7,12,dry,Low,Aripo,killifish,KO,45,F,1G2O,TGP,2/2/2022,3/2/2022,,39.92,0.947,47.99,N,3/3/2022,,48.24,57.75,1.909,no,N,missing 2O mark
7,12,dry,Low,Aripo,killifish,KO,55,F,1O3Y,TGP,2/2/2022,3/2/2022,,57.74,2.59,67.92,N,3/3/2022,,64.31,73.36,3.367,no,N,
8,11,dry,High,Aripo,killifish,KO,15,-,2R4K,TGP,2/2/2022,3/2/2022,,15.26,0.062,19.53,N,3/3/2022,,21.95,26.45,0.192,no,N,IP
8,11,dry,High,Aripo,killifish,KO,15,-,1Y4S,TGP,2/2/2022,3/2/2022,,22.25,0.158,27.01,N,,,,,,yes,N,IP
8,11,dry,High,Aripo,killifish,KO,15,-,1Y2K,RSM,2/2/2022,3/2/2022,,24.36,0.258,27.73,N,3/3/2022,,30.12,35.39,0.484,no,N,
8,11,dry,High,Aripo,killifish,KO,15,-,2S3S,RSM,2/2/2022,3/2/2022,,25.25,0.182,29.06,N,3/3/2022,,25.09,32.04,0.309,no,N,IP
8,11,dry,High,Aripo,killifish,KO,25,-,2P4G,RSM,2/2/2022,3/2/2022,,24.81,0.224,30.06,N,3/3/2022,,32.78,38,0.501,no,N,IP
8,11,dry,High,Aripo,killifish,KO,25,-,2P4W,RSM,2/2/2022,3/2/2022,,23.12,0.155,26.25,N,,,,,,yes,N,
8,11,dry,High,Aripo,killifish,KO,25,-,1K3Y,RSM,2/2/2022,3/2/2022,,22.5,0.141,26.72,N,3/3/2022,,27.79,31.14,0.314,no,N,
8,11,dry,High,Aripo,killifish,KO,25,-,2B4G,RSM,2/2/2022,3/2/2022,,21.24,0.115,24.8,N,3/3/2022,,26.83,30.87,0.286,no,N,
8,11,dry,High,Aripo,killifish,KO,25,-,2O3K,RSM,2/2/2022,3/2/2022,,26.92,0.216,31.69,N,,,,,,yes,N,
8,11,dry,High,Aripo,killifish,KO,25,-,2K4W,RSM,2/2/2022,3/2/2022,,29.87,0.348,35.47,N,3/3/2022,,31.31,37.25,0.522,no,N,IP
8,11,dry,High,Aripo,killifish,KO,35,-,2G4K,RSM,2/2/2022,3/2/2022,,33.64,0.399,38.15,N,3/3/2022,,31.85,38.23,0.337,no,N,IP
8,11,dry,High,Aripo,killifish,KO,35,-,1R3W,RSM,2/2/2022,3/2/2022,,37.96,0.731,43.13,N,3/3/2022,,40.66,45.97,0.89,no,N,no B mark
8,11,dry,High,Aripo,killifish,KO,35,-,2W3G,RSM,2/2/2022,3/2/2022,,37.33,0.602,42.56,N,3/3/2022,,41.04,46.29,0.912,no,N,mark is 3G4W
8,11,dry,High,Aripo,killifish,KO,35,-,1P4B,RSM,2/2/2022,3/2/2022,,39.55,1.79,44.1,N,3/3/2022,,43.39,49.32,1.075,no,N,
8,11,dry,High,Aripo,killifish,KO,45,M,1W4W,TGP,2/2/2022,3/2/2022,,35.77,0.679,43.08,N,,,,,,yes,N,
8,11,dry,High,Aripo,killifish,KO,45,M,1R4R,RSM,2/2/2022,3/2/2022,,46.84,1.805,57.09,N,3/3/2022,M,50.21,57.47,1.969,no,N,
8,11,dry,High,Aripo,killifish,KO,45,F,2O3P,RSM,2/2/2022,3/2/2022,,40,0.861,47.22,N,3/3/2022,,41.73,46.76,0.938,no,N,
8,11,dry,High,Aripo,killifish,KO,45,F,1O2Y,RSM,2/2/2022,3/2/2022,,49.87,1.527,56.29,N,3/3/2022,,52.21,56.94,1.968,no,N,mark is 4Y
8,11,dry,High,Aripo,killifish,KO,55,F,2O4O,RSM,2/2/2022,3/2/2022,,57.61,2.562,66.95,N,3/3/2022,M,58.24,65.63,2.48,no,N,
8,11,dry,High,Aripo,killifish,KO,55,F,2Y4G,RSM,2/2/2022,3/2/2022,,63.74,3.766,73.83,N,3/3/2022,M,64.09,73.05,4.073,no,N,
9,2,dry,Low,Quare,killifish,KG,15,-,1W,TGP,2/9/2022,3/9/2022,,12.91,0.031,16.55,,3/9/2022,,21.96,26.01,0.133,no,,
9,2,dry,Low,Quare,killifish,KG,15,-,3R,TGP,2/9/2022,3/9/2022,,16.86,0.076,21.01,,,,,,,yes,,
9,2,dry,Low,Quare,killifish,KG,25,-,3P4O,TGP,2/9/2022,3/9/2022,,21.45,0.14,26.77,,3/9/2022,,34.47,38.99,0.487,no,,
9,2,dry,Low,Quare,killifish,KG,25,-,2R3P,TGP,2/9/2022,3/9/2022,,24.14,0.204,29.26,,3/9/2022,,35.16,40,0.569,no,,
9,2,dry,Low,Quare,killifish,KG,25,-,1G4K,TGP,2/5/2022,3/9/2022,,26.05,0.267,32.11,,3/9/2022,,37.1,42.28,0.72,no,,
9,2,dry,Low,Quare,killifish,KG,35,-,2Y4Y,TGP,2/5/2022,3/9/2022,,33.28,0.543,40.48,,3/9/2022,,43.28,49.77,1.022,no,,
9,2,dry,Low,Quare,killifish,KG,35,-,1S4O,TGP,2/5/2022,3/9/2022,,35.41,0.683,43.54,,3/9/2022,,46.79,53.19,1.49,no,,
9,2,dry,Low,Quare,killifish,KG,45,M,1G3P,TGP,2/9/2022,3/9/2022,F,48.66,2.083,59.75,,3/9/2022,,62.43,68.89,2.192,no,,
9,2,dry,Low,Quare,killifish,KG,45,F,1B3K,TGP,2/5/2022,3/9/2022,F,49.53,1.808,59.77,,3/9/2022,,59.6,67.04,2.516,no,,
9,2,dry,Low,Quare,killifish,KG,55,F,1Y4K,TGP,2/9/2022,3/9/2022,F,55.36,2.772,66.49,,3/9/2022,,66.34,74.64,4.209,no,,
10,7,dry,High,Quare,killifish,KG,15,-,1R,TGP,2/9/2022,3/9/2022,,13.69,0.036,17.58,,3/9/2022,,25.29,29.59,0.243,,,
10,7,dry,High,Quare,killifish,KG,15,-,3P,TGP,2/9/2022,3/9/2022,,14.41,0.043,18.47,,3/9/2022,,24.45,28.3,0.203,,,
10,7,dry,High,Quare,killifish,KG,15,-,4G,TGP,2/9/2022,3/9/2022,,16.85,0.069,21.16,,3/9/2022,,26.9,51.45,0.282,,,
10,7,dry,High,Quare,killifish,KG,15,-,2O,TGP,2/9/2022,3/9/2022,,15.36,0.054,19.45,,3/9/2022,,26.04,30.13,0.249,,,
10,7,dry,High,Quare,killifish,KG,25,-,2W3S,TGP,2/5/2022,3/9/2022,,27.61,0.348,33.83,,3/9/2022,,30.28,34.3,0.356,,,
10,7,dry,High,Quare,killifish,KG,25,-,1P4P,TGP,2/5/2022,3/9/2022,M,26.91,0.289,32.67,,3/9/2022,M,32.98,38.58,0.479,,,
10,7,dry,High,Quare,killifish,KG,25,-,2P3K,TGP,2/5/2022,3/9/2022,,28.73,0.357,34.31,,3/9/2022,,,,,,,
10,7,dry,High,Quare,killifish,KG,25,-,1B2?,TGP,2/5/2022,3/9/2022,,24.98,0.224,30.42,,3/9/2022,M,34.06,37.75,0.503,,,mark listed as 1B24
10,7,dry,High,Quare,killifish,KG,25,-,3G4B,TGP,2/5/2022,3/9/2022,,23.08,0.179,28.43,,3/9/2022,M,30.43,36.42,0.423,,,
10,7,dry,High,Quare,killifish,KG,25,-,1O2K,TGP,2/5/2022,3/9/2022,,22.34,0.174,28.26,,3/9/2022,F,29.31,35.64,0.371,,,
10,7,dry,High,Quare,killifish,KG,35,-,1W2R,TGP,2/5/2022,3/9/2022,,33.72,0.618,41.75,,3/9/2022,,39.06,45.07,0.795,,,
10,7,dry,High,Quare,killifish,KG,35,-,1W3R,TGP,2/5/2022,3/9/2022,M,38.49,0.951,47.45,,3/9/2022,,43.5,51.08,1.067,,,
10,7,dry,High,Quare,killifish,KG,35,-,3W4Y,TGP,2/5/2022,3/9/2022,M,37.75,0.878,46.08,,3/9/2022,,38.29,44.16,0.764,,,
10,7,dry,High,Quare,killifish,KG,35,-,3K4P,TGP,2/5/2022,3/9/2022,F,30.67,0.442,37.61,,3/9/2022,,35.88,41.94,0.63,,,
10,7,dry,High,Quare,killifish,KG,45,M,1R3R,TGP,2/9/2022,3/9/2022,,49.93,1.926,60.5,,3/9/2022,,50.48,60.12,1.815,,,
10,7,dry,High,Quare,killifish,KG,45,M,2B4W,TGP,2/5/2022,3/9/2022,,47.56,1.633,58.04,,3/9/2022,,50.79,62.09,1.929,,,might be 2B3W
10,7,dry,High,Quare,killifish,KG,45,F,1P4Y,TGP,2/5/2022,3/9/2022,,32.16,0.508,38.77,,3/9/2022,,34.48,41.12,0.582,,,
10,7,dry,High,Quare,killifish,KG,45,F,1W2O,TGP,2/5/2022,3/9/2022,M,43.58,1.108,52.71,,3/9/2022,,,,,,,3R spot
10,7,dry,High,Quare,killifish,KG,55,F,3Y4O,TGP,2/5/2022,3/9/2022,F,58.63,3.012,68.42,,3/9/2022,F,58.78,69,3.144,,,
10,7,dry,High,Quare,killifish,KG,55,F,2K3W,TGP,2/5/2022,3/9/2022,F,50.42,2.063,60.6,,3/9/2022,,51.93,60.35,1.818,,,
11,5,dry,Low,Quare,killifish,KG,15,-,1G2R,RSM,2/6/2022,3/9/2022,,20.07,0.11,24.1,,3/9/2022,,31.36,38.04,0.463,no,,
11,5,dry,Low,Quare,killifish,KG,15,-,1O4P,RSM,2/7/2022,3/9/2022,,22.72,0.172,28.35,,3/9/2022,M,30.31,35.35,0.4,no,,
11,5,dry,Low,Quare,killifish,KG,25,-,1K2O,RSM,2/8/2022,3/9/2022,,27.87,0.35,32.65,,3/9/2022,M,34.56,41.76,0.618,no,,1K2Y
11,5,dry,Low,Quare,killifish,KG,25,-,1W3S,RSM,2/9/2022,3/9/2022,,26.8,0.298,31.87,,3/9/2022,,35.21,40.77,0.637,no,,
11,5,dry,Low,Quare,killifish,KG,25,-,1B3B,RSM,2/10/2022,3/9/2022,,26.31,0.276,32.09,,3/9/2022,,33.37,43.01,0.701,no,,
11,5,dry,Low,Quare,killifish,KG,35,-,2R3R,RSM,2/11/2022,3/9/2022,,38.24,0.782,43.89,,3/9/2022,,43.37,49.86,1.355,no,,
11,5,dry,Low,Quare,killifish,KG,35,-,3O4R,RSM,2/12/2022,3/9/2022,,35.05,0.735,39.74,,3/9/2022,,44.33,49.47,1.036,no,,
11,5,dry,Low,Quare,killifish,KG,45,M,2S3O,RSM,2/13/2022,3/9/2022,,44.27,1.115,49.38,,3/9/2022,,51.76,56.63,1.563,no,,
11,5,dry,Low,Quare,killifish,KG,45,F,1S3W,RSM,2/14/2022,3/9/2022,,47.99,1.364,54.82,,3/9/2022,,56.82,63.51,2.167,no,,
11,5,dry,Low,Quare,killifish,KG,55,F,1B2Y,RSM,2/15/2022,3/9/2022,,56.5,2.45,65.33,,3/9/2022,,64.66,72.93,3.678,no,,
12,4,dry,High,Quare,killifish,KG,15,-,1R2B,RSM,2/16/2022,3/9/2022,,21.22,0.139,26.11,,3/9/2022,,29.07,33.39,0.411,no,,
12,4,dry,High,Quare,killifish,KG,15,-,3K,RSM,2/9/2022,3/9/2022,,15.53,0.056,19.73,,3/9/2022,,26.36,30.22,0.255,no,,mark not visible
12,4,dry,High,Quare,killifish,KG,15,-,1G,RSM,2/9/2022,3/9/2022,,12.96,0.036,16.72,,,,,,,yes,,
12,4,dry,High,Quare,killifish,KG,15,-,1P3B,RSM,2/19/2022,3/9/2022,,21.66,0.127,24.39,,3/9/2022,,28.04,31.82,0.287,no,,
12,4,dry,High,Quare,killifish,KG,25,-,1S2O,RSM,2/20/2022,3/9/2022,,26.51,0.28,31.35,,3/9/2022,,31.92,37.72,0.521,no,,
12,4,dry,High,Quare,killifish,KG,25,-,1B4F,RSM,2/21/2022,3/9/2022,,25.26,0.248,30.53,,3/9/2022,,32.37,36.57,0.442,no,,1B4P
12,4,dry,High,Quare,killifish,KG,25,-,1G3Y,RSM,2/22/2022,3/9/2022,,25.5,0.248,30.42,,3/9/2022,M,31.53,36.21,0.412,no,,
12,4,dry,High,Quare,killifish,KG,25,-,1K3G,RSM,2/23/2022,3/9/2022,,24.92,0.283,29.33,,3/9/2022,,31.43,35.6,0.438,no,,only 1R visible
12,4,dry,High,Quare,killifish,KG,25,-,1P2O,RSM,2/24/2022,3/9/2022,,22.92,0.333,26.66,,3/9/2022,M,30.97,37.68,0.46,no,,
12,4,dry,High,Quare,killifish,KG,25,-,1O4W,RSM,2/25/2022,3/9/2022,,22.67,0.159,25.07,,3/9/2022,,29.4,34.12,0.343,no,,looks 2O3W
12,4,dry,High,Quare,killifish,KG,35,-,1R2S,RSM,2/26/2022,3/9/2022,,31.75,0.405,37.89,,3/9/2022,,37.51,45.3,0.715,no,,
12,4,dry,High,Quare,killifish,KG,35,-,1S3G,RSM,2/27/2022,3/9/2022,,38.77,0.746,43.83,,3/9/2022,,39.4,47.23,0.884,no,,
12,4,dry,High,Quare,killifish,KG,35,-,1Y2W,RSM,2/28/2022,3/9/2022,,35.46,0.623,42.12,,3/9/2022,,39.4,46.7,0.843,no,,1Y4W
12,4,dry,High,Quare,killifish,KG,35,-,2G3Y,RSM,2/9/2022,3/9/2022,,27.01,0.301,33.09,,3/9/2022,,34.33,41,0.576,no,,
12,4,dry,High,Quare,killifish,KG,45,M,2R4P,RSM,3/2/2022,3/9/2022,,45.49,1.512,51.06,,3/9/2022,,46.95,56.23,1.392,no,,
12,4,dry,High,Quare,killifish,KG,45,M,1P2B,RSM,3/3/2022,3/9/2022,,43.73,1.144,50.52,,3/9/2022,M,45.72,54.56,1.372,no,,
12,4,dry,High,Quare,killifish,KG,45,F,2G4R,RSM,3/4/2022,3/9/2022,,42.6,1.201,48.88,,3/9/2022,,52.56,58.28,1.732,no,,
12,4,dry,High,Quare,killifish,KG,45,F,1Y3K,RSM,3/5/2022,3/9/2022,,37.59,0.697,43.25,,3/9/2022,,39.79,47.94,0.978,no,,
12,4,dry,High,Quare,killifish,KG,55,F,1R4P,TGP,2/9/2022,3/9/2022,,57.5,2.919,68.45,,3/9/2022,F,62.58,70.28,3.194,no,,
12,4,dry,High,Quare,killifish,KG,55,F,3G4K,TGP,2/9/2022,3/9/2022,,53.9,2.217,64.15,,3/9/2022,F,55.06,65.66,2.376,no,,
13,3,dry,Low,Quare,killifish,KO,15,-,2G,TGP,2/9/2022,3/9/2022,,14.45,0.09,18.63,,3/9/2022,,27.79,32.17,0.29,no,,
13,3,dry,Low,Quare,killifish,KO,15,-,1W,TGP,2/9/2022,3/9/2022,,9.93,0.013,12.8,,3/9/2022,,23.13,27.01,0.194,no,,1W very faint
13,3,dry,Low,Quare,killifish,KO,25,-,1R2P,TGP,2/7/2022,3/9/2022,,29.08,0.371,35.27,,3/9/2022,,36.57,41.66,0.647,no,,
13,3,dry,Low,Quare,killifish,KO,25,-,2W4P,TGP,2/7/2022,3/9/2022,,26.25,0.304,32.45,,3/9/2022,,35.02,43.11,0.751,no,,
13,3,dry,Low,Quare,killifish,KO,25,-,2B4Y,TGP,2/7/2022,3/9/2022,,27.45,0.319,33.25,,3/9/2022,,37.69,42.26,0.764,no,,
13,3,dry,Low,Quare,killifish,KO,35,-,2S3W,TGP,2/7/2022,3/9/2022,,33.63,0.571,40.56,,3/9/2022,,41.73,50.69,1.041,no,,
13,3,dry,Low,Quare,killifish,KO,35,-,1W3K,TGP,2/8/2022,3/9/2022,,34.12,0.566,41.69,,3/9/2022,,43.35,50.53,1.39,no,,
13,3,dry,Low,Quare,killifish,KO,45,M,2Y3P,TGP,2/9/2022,3/9/2022,M,40.24,0.96,48.98,,3/9/2022,,48.68,56.14,1.624,no,,
13,3,dry,Low,Quare,killifish,KO,45,F,2B4R,TGP,2/8/2022,3/9/2022,F,40.77,1.01,49.07,,3/9/2022,,47.88,55.29,1.661,no,,
13,3,dry,Low,Quare,killifish,KO,55,F,2R4B,TGP,2/8/2022,3/9/2022,F,55.08,2.329,65.52,,3/9/2022,,61.4,72.94,3.517,no,,
14,6,dry,High,Quare,killifish,KO,15,-,3B,TGP,2/9/2022,3/9/2022,,14.94,0.047,18.72,,3/9/2022,,24.18,29.72,0.251,no,,
14,6,dry,High,Quare,killifish,KO,15,-,3Y,TGP,2/9/2022,3/9/2022,,10.12,0.009,12.53,,3/9/2022,,21,25.01,0.134,no,,
14,6,dry,High,Quare,killifish,KO,15,-,4B,TGP,2/9/2022,3/9/2022,,18.29,0.083,23.42,,,,,,,yes,,
14,6,dry,High,Quare,killifish,KO,15,-,2P3P,TGP,2/9/2022,3/9/2022,,18.67,0.103,23.94,,,,,,,yes,,
14,6,dry,High,Quare,killifish,KO,25,-,1S3P,TGP,2/7/2022,3/9/2022,,31.74,0.454,37.57,,3/9/2022,,37.23,42.53,0.621,no,,
14,6,dry,High,Quare,killifish,KO,25,-,3W4B,TGP,2/8/2022,3/9/2022,,26.32,0.271,32.74,,3/9/2022,,33.64,37.64,0.443,no,,
14,6,dry,High,Quare,killifish,KO,25,-,1Y3W,TGP,2/8/2022,3/9/2022,,24.09,0.199,28.96,,3/9/2022,,34.29,38.08,0.476,no,,
14,6,dry,High,Quare,killifish,KO,25,-,1K4G,TGP,2/8/2022,3/9/2022,,26.97,0.268,32.6,,3/9/2022,,33.64,38.06,0.415,no,,
14,6,dry,High,Quare,killifish,KO,25,-,2W4R,TGP,2/8/2022,3/9/2022,,26.22,0.28,32.83,,3/9/2022,,33.45,38.88,0.505,no,,
14,6,dry,High,Quare,killifish,KO,25,-,1K3B,TGP,2/8/2022,3/9/2022,,26.71,0.286,32.48,,3/9/2022,,35,39.09,0.402,no,,
14,6,dry,High,Quare,killifish,KO,35,-,1Y3S,TGP,2/7/2022,3/9/2022,,30.5,0.433,37.45,,3/9/2022,,36.81,41.34,0.576,no,,
14,6,dry,High,Quare,killifish,KO,35,-,1K2P,TGP,2/7/2022,3/9/2022,,26.2,0.27,32.42,,3/9/2022,,28.24,33.83,0.209,no,,
14,6,dry,High,Quare,killifish,KO,35,-,2Y3O,TGP,2/7/2022,3/9/2022,,34.52,0.59,41.28,,3/9/2022,,38.14,45.87,0.754,no,,
14,6,dry,High,Quare,killifish,KO,35,-,3O4B,TGP,2/7/2022,3/9/2022,,30.42,0.424,37.95,,3/9/2022,,34.25,39.38,0.47,no,,
14,6,dry,High,Quare,killifish,KO,45,M,1R3K,TGP,2/8/2022,3/9/2022,M,43.98,1.37,52.88,,3/9/2022,,44.99,52.91,1.375,no,,
14,6,dry,High,Quare,killifish,KO,45,M,3P4P,TGP,2/8/2022,3/9/2022,M,45.56,1.616,56.68,,3/9/2022,,65.85,70.11,1.786,no,,
14,6,dry,High,Quare,killifish,KO,45,F,1O4B,TGP,2/8/2022,3/9/2022,F,40.39,0.0971,49.44,,3/9/2022,,57.97,65.01,1.077,no,,
14,6,dry,High,Quare,killifish,KO,45,F,1Y4O,TGP,2/9/2022,3/9/2022,F,47.34,1.621,57.25,,,,,,,yes,,
14,6,dry,High,Quare,killifish,KO,55,F,1P4W,TGP,2/8/2022,3/9/2022,F,62.81,3.894,74.43,,3/9/2022,,78.4,86.8,4.216,no,,shed 4 eggs
14,6,dry,High,Quare,killifish,KO,55,F,3P4B,TGP,2/9/2022,3/9/2022,F,62.53,3.697,75.56,,3/9/2022,,66.2,75.01,3.473,no,,
15,8,dry,Low,Quare,killifish,KO,15,-,4O,TGP,2/9/2022,3/9/2022,,12.61,0.022,15.69,,3/9/2022,,29.6,34.45,0.37,no,,
15,8,dry,Low,Quare,killifish,KO,15,-,2P3O,TGP,2/9/2022,3/9/2022,,20.89,0.185,28.6,,,,,,,yes,,
15,8,dry,Low,Quare,killifish,KO,25,-,2Y4P,TGP,2/7/2022,3/9/2022,,25.29,0.274,31.12,,,,,,,yes,,
15,8,dry,Low,Quare,killifish,KO,25,-,1R2R,TGP,2/7/2022,3/9/2022,,29.13,0.397,35.35,,,,,,,yes,,
15,8,dry,Low,Quare,killifish,KO,25,-,1O2P,TGP,2/7/2022,3/9/2022,,27.05,0.299,32.8,,,,,,,yes,,
15,8,dry,Low,Quare,killifish,KO,35,-,1O3P,TGP,2/7/2022,3/9/2022,,34.08,0.61,41.68,,3/9/2022,,43.62,48.78,1.3,no,,
15,8,dry,Low,Quare,killifish,KO,35,-,2O3G,TGP,2/8/2022,3/9/2022,,30.7,0.414,37.46,,3/9/2022,,45.21,49.5,1.19,no,,
15,8,dry,Low,Quare,killifish,KO,45,M,2W3R4R,TGP,2/8/2022,3/9/2022,M,42.56,0.124,51.49,,,,,,,yes,,
15,8,dry,Low,Quare,killifish,KO,45,F,1G2W,TGP,2/9/2022,3/9/2022,F,46.81,0.1546,56.49,,3/9/2022,F,56.41,63.68,2.297,no,,
15,8,dry,Low,Quare,killifish,KO,55,F,2B4P,TGP,2/9/2022,3/9/2022,F,64.17,4.156,77.55,,3/9/2022,F,70.59,78.34,4.291,no,,had eggs: 9 eggs spilled
16,1,dry,High,Quare,killifish,KO,15,-,3P,TGP,2/9/2022,3/9/2022,,16.5,0.058,20.13,,3/9/2022,,21.71,24.51,0.099,no,,
16,1,dry,High,Quare,killifish,KO,15,-,2W,TGP,2/9/2022,3/9/2022,,17.1,0.098,21.61,,,,,,,yes,,
16,1,dry,High,Quare,killifish,KO,15,-,3B4B,TGP,2/9/2022,3/9/2022,,22.38,0.185,27.8,,3/9/2022,,33.11,36.14,0.396,no,,
16,1,dry,High,Quare,killifish,KO,15,-,3R4R,TGP,2/9/2022,3/9/2022,,23.56,0.22,29.66,,3/9/2022,,35.25,38.33,0.461,no,,
16,1,dry,High,Quare,killifish,KO,25,-,2S3Y,TGP,2/7/2022,3/9/2022,,28.36,0.376,34.96,,3/9/2022,,33.48,36.77,0.401,no,,
16,1,dry,High,Quare,killifish,KO,25,-,2O4G,TGP,2/7/2022,3/9/2022,,27.11,0.309,33.18,,3/9/2022,,31.12,33.76,0.321,no,,
16,1,dry,High,Quare,killifish,KO,25,-,3G4O,TGP,2/8/2022,3/9/2022,,23.12,0.188,29.05,,,,,,,yes,,
16,1,dry,High,Quare,killifish,KO,25,-,1W3W,TGP,2/8/2022,3/9/2022,,25.3,0.249,31.47,,3/9/2022,,36.13,39.22,0.513,no,,
16,1,dry,High,Quare,killifish,KO,25,-,1Y3B,TGP,2/8/2022,3/9/2022,,23.51,0.188,29.18,,3/9/2022,,31.9,36,0.357,no,,
16,1,dry,High,Quare,killifish,KO,25,-,2B3B,TGP,2/8/2022,3/9/2022,,27.01,0.296,33.07,,3/9/2022,,35.32,39.01,0.587,no,,
16,1,dry,High,Quare,killifish,KO,35,-,3K4Y,TGP,2/7/2022,3/9/2022,M,34.73,0.668,42.26,,,,,,,yes,,
16,1,dry,High,Quare,killifish,KO,35,-,1P2P,TGP,2/7/2022,3/9/2022,,33.18,0.552,40.58,,3/9/2022,,38.81,42.47,0.56,no,,
16,1,dry,High,Quare,killifish,KO,35,-,1B2O,TGP,2/7/2022,3/9/2022,M,35.63,0.647,43.21,,3/9/2022,,39.83,45.15,0.784,no,,
16,1,dry,High,Quare,killifish,KO,35,-,1G4W,TGP,2/8/2022,3/9/2022,F,34.19,0.571,41.11,,3/9/2022,,40.39,45.44,0.705,no,,
16,1,dry,High,Quare,killifish,KO,45,M,2W4B,TGP,2/8/2022,3/9/2022,M,49.32,1.95,59.65,,3/9/2022,,56.61,64.67,2.457,no,,
16,1,dry,High,Quare,killifish,KO,45,M,1B4R,TGP,2/8/2022,3/9/2022,M,40.28,0.87,49.13,,3/9/2022,M,46.33,52.85,1.283,no,,
16,1,dry,High,Quare,killifish,KO,45,F,1Y3O,TGP,2/8/2022,3/9/2022,F,41.72,1.055,52.34,,3/9/2022,F,45.54,53.99,1.151,no,,
16,1,dry,High,Quare,killifish,KO,45,F,2B3P,TGP,2/9/2022,3/9/2022,F,53.62,2.525,64.69,,3/9/2022,F,60.37,67.81,2.623,no,,
16,1,dry,High,Quare,killifish,KO,55,F,1W4K,TGP,2/9/2022,3/9/2022,F,54.69,2.684,66.85,,3/9/2022,F,61.45,69.85,3.426,no,,
16,1,dry,High,Quare,killifish,KO,55,F,2O3Y,TGP,2/8/2022,3/9/2022,F,55.61,2.378,66.75,,3/9/2022,F,58.83,67.58,2.429,no,,
1,13,dry,16,Aripo,guppy,LP,10,-,1G4O,CC,2/2/2022,2/3/2022,F,12.28,0.038,,N,3/3/2022,F,16.45,,0.088,no,,
1,13,dry,16,Aripo,guppy,LP,10,-,1S2K,CC,2/2/2022,2/3/2022,F,14.24,0.052,,N,3/3/2022,F,17.18,,0.104,no,,
1,13,dry,16,Aripo,guppy,LP,10,-,3R4W,CC,2/2/2022,2/3/2022,I,13.48,0.027,,N,3/3/2022,I,15.58,,0.075,no,,
1,13,dry,16,Aripo,guppy,LP,14,F,2W3Y,CC,2/2/2022,2/3/2022,F,14.79,0.122,,N,3/3/2022,F,18.81,,0.144,no,,
1,13,dry,16,Aripo,guppy,LP,14,F,3B4Y,CC,2/2/2022,2/3/2022,F,14.37,0.063,,N,3/3/2022,F,19.89,,0.175,no,,
1,13,dry,16,Aripo,guppy,LP,14,F,2B4O,CC,2/2/2022,2/3/2022,F,18.79,0.135,,N,3/3/2022,F,18.85,,0.153,no,,
1,13,dry,16,Aripo,guppy,LP,-,M,3G4W,CC,2/2/2022,2/3/2022,M,16.98,0.079,,N,3/3/2022,M,16.89,,0.115,no,,
1,13,dry,16,Aripo,guppy,LP,-,M,2O4K,CC,2/2/2022,2/3/2022,M,17.63,0.112,,N,,,,,,yes,,
1,13,dry,16,Aripo,guppy,LP,-,M,1Y3Y,CC,2/2/2022,2/3/2022,M,15.68,0.083,,N,3/3/2022,M,17.02,,0.112,no,,
1,13,dry,16,Aripo,guppy,LP,18,F,1G4Y,THA,2/2/2022,2/3/2022,F,21.84,0.211,,N,3/3/2022,F,21.8,,0.222,no,,
1,13,dry,16,Aripo,guppy,LP,18,F,1K4P,THA,2/2/2022,2/3/2022,F,23,0.212,,N,3/3/2022,F,21.47,,0.207,no,,
1,13,dry,16,Aripo,guppy,LP,18,F,2R4O,THA,2/2/2022,2/3/2022,F,21.06,0.175,,N,3/3/2022,F,23.43,,0.346,no,,
1,13,dry,16,Aripo,guppy,LP,18,F,2P4K,THA,2/2/2022,2/3/2022,F,24.04,0.276,,N,3/3/2022,F,24.08,,0.248,no,,
1,13,dry,16,Aripo,guppy,LP,18,F,1R4B,THA,2/2/2022,2/3/2022,F,24.12,0.227,,N,3/3/2022,F,24.41,,0.4,no,,
1,13,dry,16,Aripo,guppy,LP,22,F,3K4R,THA,2/2/2022,2/3/2022,F,28.45,0.446,,N,3/3/2022,F,30.09,,0.711,no,,
1,13,dry,16,Aripo,guppy,LP,22,F,2G3R,THA,2/2/2022,2/3/2022,F,24.25,0.285,,N,3/3/2022,F,27.26,,0.514,no,,
2,10,dry,32,Aripo,guppy,LP,10,-,1O4Y,CC,2/2/2022,2/3/2022,F,13.17,0.042,,N,3/3/2022,F,17.61,,0.128,no,,
2,10,dry,32,Aripo,guppy,LP,10,-,1G2Y,CC,2/2/2022,2/3/2022,I,11.28,0.028,,N,,,,,,yes,,
2,10,dry,32,Aripo,guppy,LP,10,-,1R4K,CC,2/2/2022,2/3/2022,F,13.24,0.042,,N,,,,,,yes,,
2,10,dry,32,Aripo,guppy,LP,10,-,2R4G,CC,2/2/2022,2/3/2022,F,12.68,0.035,,N,3/3/2022,F,16.64,,0.104,no,,
2,10,dry,32,Aripo,guppy,LP,10,-,3O4K,CC,2/2/2022,2/3/2022,F,11.58,0.027,,N,3/3/2022,F,16.8,,0.106,no,,
2,10,dry,32,Aripo,guppy,LP,10,-,2B3R,CC,2/2/2022,2/3/2022,F,12.61,0.026,,N,3/3/2022,F,13.75,,0.055,no,,
2,10,dry,32,Aripo,guppy,LP,14,F,1K4B,CC,2/2/2022,2/3/2022,F,12.35,0.072,,N,3/3/2022,F,19.83,,0.191,no,,
2,10,dry,32,Aripo,guppy,LP,14,F,2P4B,CC,2/2/2022,2/3/2022,F,19.3,0.156,,N,3/3/2022,F,21.22,,0.238,no,,
2,10,dry,32,Aripo,guppy,LP,14,F,1P2Y,CC,2/2/2022,2/3/2022,F,18.54,0.139,,N,3/3/2022,F,22.18,,0.278,no,,
2,10,dry,32,Aripo,guppy,LP,14,F,2Y3Y,CC,2/2/2022,2/3/2022,F,16.3,0.071,,N,3/3/2022,F,16.9,,0.103,no,,
2,10,dry,32,Aripo,guppy,LP,14,F,1R2Y,CC,2/2/2022,2/3/2022,F,17.31,0.104,,N,3/3/2022,F,22.02,,0.33,no,mark is only 1R,
2,10,dry,32,Aripo,guppy,LP,14,F,1B4K,CC,2/2/2022,2/3/2022,I,15.91,0.069,,N,3/3/2022,M,17.26,,0.103,no,,
2,10,dry,32,Aripo,guppy,LP,-,M,1K2G,CC,2/2/2022,2/3/2022,F,18.45,0.124,,N,3/3/2022,F,20.13,,0.173,no,,
2,10,dry,32,Aripo,guppy,LP,-,M,1O2B,CC,2/2/2022,2/3/2022,M,14.8,0.059,,N,,,,,,yes,,
2,10,dry,32,Aripo,guppy,LP,-,M,3B4O,CC,2/2/2022,2/3/2022,M,15.15,0.065,,Y,,,,,,,died after processing,
2,10,dry,32,Aripo,guppy,LP,-,M,2R3K,THA,2/2/2022,2/3/2022,M,17.82,0.132,,N,3/3/2022,M,20,,0.19,no,replacement before meso,
2,10,dry,32,Aripo,guppy,LP,-,M,1B4B,CC,2/2/2022,2/3/2022,M,15.34,0.075,,N,3/3/2022,M,16.11,,0.093,no,,
2,10,dry,32,Aripo,guppy,LP,-,M,2Y4S,CC,2/2/2022,2/3/2022,M,17.28,0.103,,N,3/3/2022,M,18.11,,0.142,no,,
2,10,dry,32,Aripo,guppy,LP,-,M,1O3Y,CC,2/2/2022,2/3/2022,M,15.79,0.074,,N,3/3/2022,M,16.94,,0.124,no,,
2,10,dry,32,Aripo,guppy,LP,18,F,2O4O,CC,2/2/2022,2/3/2022,F,19.56,0.177,,N,3/3/2022,F,20.99,,0.201,no,,
2,10,dry,32,Aripo,guppy,LP,18,F,1P2R,THA,2/2/2022,2/3/2022,F,19.28,0.195,,N,3/3/2022,F,23.04,,0.29,no,,
2,10,dry,32,Aripo,guppy,LP,18,F,1K3P,THA,2/2/2022,2/3/2022,F,23.4,0.219,,N,3/3/2022,F,21.49,,0.214,no,,
2,10,dry,32,Aripo,guppy,LP,18,F,2K3P,THA,2/2/2022,2/3/2022,F,22.65,0.253,,N,3/3/2022,F,23.59,,0.314,no,,
2,10,dry,32,Aripo,guppy,LP,18,F,3W4P,THA,2/2/2022,2/3/2022,F,20.61,0.207,,N,3/3/2022,F,22.96,,0.293,no,,
2,10,dry,32,Aripo,guppy,LP,18,F,1G4G,THA,2/2/2022,2/3/2022,F,19.39,0.155,,N,3/3/2022,F,20.99,,0.191,no,,
2,10,dry,32,Aripo,guppy,LP,18,F,1P3K,THA,2/2/2022,2/3/2022,F,22.6,0.207,,N,3/3/2022,F,22.25,,0.252,no,,
2,10,dry,32,Aripo,guppy,LP,18,F,2G3G,THA,2/2/2022,2/3/2022,F,19.65,0.147,,N,3/3/2022,F,20.84,,0.229,no,,
2,10,dry,32,Aripo,guppy,LP,18,F,2K4O,THA,2/2/2022,2/3/2022,F,20.11,0.2,,N,3/3/2022,F,25.27,,0.43,no,,
2,10,dry,32,Aripo,guppy,LP,18,F,1B4O,THA,2/2/2022,2/3/2022,F,19.31,0.178,,N,3/3/2022,F,22.65,,0.259,no,,
2,10,dry,32,Aripo,guppy,LP,22,F,2G3W,THA,2/2/2022,2/3/2022,F,33.68,0.626,,N,3/3/2022,F,32.82,,0.835,no,,
2,10,dry,32,Aripo,guppy,LP,22,F,1K3K,THA,2/2/2022,2/3/2022,F,28.56,0.366,,N,3/3/2022,F,29.37,,0.582,no,,
2,10,dry,32,Aripo,guppy,LP,22,F,1S3Y,THA,2/2/2022,2/3/2022,F,26.38,0.386,,N,,,,,,yes,,
2,10,dry,32,Aripo,guppy,LP,22,F,2B3Y,THA,2/2/2022,2/3/2022,F,28.33,0.397,,N,3/3/2022,F,29.23,,0.605,no,,
3,9,dry,16,Aripo,guppy,LP,10,-,2P4G,CC,2/2/2022,2/3/2022,I,12.76,0.037,,N,3/3/2022,[M],16.53,,0.104,no,,
3,9,dry,16,Aripo,guppy,LP,10,-,2K4W,CC,2/2/2022,2/3/2022,F,11.32,0.031,,N,3/3/2022,F,17.59,,0.111,no,mark only 4W,
3,9,dry,16,Aripo,guppy,LP,10,-,1P4B,CC,2/2/2022,2/3/2022,F,12.04,0.036,,N,3/3/2022,F,17.42,,0.119,no,,
3,9,dry,16,Aripo,guppy,LP,14,F,1R3G,CC,2/2/2022,2/3/2022,F,16.67,0.094,,N,3/3/2022,F,21.8,,0.23,no,,
3,9,dry,16,Aripo,guppy,LP,14,F,2O3P,CC,2/2/2022,2/3/2022,F,15.24,0.057,,N,3/3/2022,F,19.16,,0.144,no,,
3,9,dry,16,Aripo,guppy,LP,14,F,2G4K,CC,2/2/2022,2/3/2022,F,16.15,0.082,,N,3/3/2022,F,20.34,,0.183,no,,
3,9,dry,16,Aripo,guppy,LP,-,M,2P4Y,CC,2/2/2022,2/3/2022,M,15.15,0.063,,N,,,,,,yes,,
3,9,dry,16,Aripo,guppy,LP,-,M,2O3B,CC,2/2/2022,2/3/2022,M,16.57,0.088,,N,3/3/2022,M,17.46,,0.118,no,,
3,9,dry,16,Aripo,guppy,LP,-,M,1S2S,CC,2/2/2022,2/3/2022,M,16.55,0.093,,N,3/3/2022,M,17.42,,0.199,no,,
3,9,dry,16,Aripo,guppy,LP,18,F,2Y4G,THA,2/2/2022,2/3/2022,F,20.52,0.165,,N,3/3/2022,F,21.51,,0.233,no,,
3,9,dry,16,Aripo,guppy,LP,18,F,2P4W,THA,2/2/2022,2/3/2022,F,23.57,0.264,,N,3/3/2022,F,25.54,,0.448,no,,
3,9,dry,16,Aripo,guppy,LP,18,F,1W4Y,THA,2/2/2022,2/3/2022,F,23.57,0.257,,N,3/3/2022,F,26.91,,0.476,no,,
3,9,dry,16,Aripo,guppy,LP,18,F,1R4R,THA,2/2/2022,2/3/2022,F,23.25,0.214,,N,,,,,,yes,,
3,9,dry,16,Aripo,guppy,LP,18,F,1G3O,THA,2/2/2022,2/3/2022,F,20.86,0.194,,N,3/3/2022,F,21.53,,0.234,no,,
3,9,dry,16,Aripo,guppy,LP,22,F,2P3G,THA,2/2/2022,2/3/2022,F,24.89,0.254,,Y,,,,,,,died after processing,
3,9,dry,16,Aripo,guppy,LP,22,F,1B2Y,THA,2/2/2022,2/3/2022,F,27.3,0.366,,N,3/3/2022,F,27.37,,0.534,no,replacement before meso,
3,9,dry,16,Aripo,guppy,LP,22,F,1W3W,THA,2/2/2022,2/3/2022,F,24.42,0.326,,N,3/3/2022,F,27.17,,0.503,no,,
4,14,dry,32,Aripo,guppy,LP,10,-,1Y2O,CC,2/2/2022,2/3/2022,I,11.79,0.028,,N,3/3/2022,I,15.36,,0.087,no,,
4,14,dry,32,Aripo,guppy,LP,10,-,1K3Y,CC,2/2/2022,2/3/2022,I,11.94,0.036,,N,,,,,,yes,,
4,14,dry,32,Aripo,guppy,LP,10,-,2B4G,CC,2/2/2022,2/3/2022,I,11.12,0.022,,N,,,,,,yes,,
4,14,dry,32,Aripo,guppy,LP,10,-,2O3K,CC,2/2/2022,2/3/2022,I,11.52,0.033,,N,3/3/2022,I,15.73,,0.098,no,,
4,14,dry,32,Aripo,guppy,LP,10,-,1P3R,CC,2/2/2022,2/3/2022,I,11.72,0.048,,N,,,,,,yes,,
4,14,dry,32,Aripo,guppy,LP,10,-,3K4K,CC,2/2/2022,2/3/2022,I,11.63,0.035,,N,3/3/2022,I,16.45,,0.106,no,,
4,14,dry,32,Aripo,guppy,LP,14,F,1G3K,CC,2/2/2022,2/3/2022,F,17.34,0.104,,N,3/3/2022,F,21.44,,0.242,no,,
4,14,dry,32,Aripo,guppy,LP,14,F,2G3S,CC,2/2/2022,2/3/2022,F,16.44,0.098,,N,3/3/2022,F,21.44,,0.237,no,,
4,14,dry,32,Aripo,guppy,LP,14,F,1W4B,CC,2/2/2022,2/3/2022,F,18.51,0.133,,N,3/3/2022,F,21.53,,0.263,no,,
4,14,dry,32,Aripo,guppy,LP,14,F,1G2O,CC,2/2/2022,2/3/2022,F,17.33,0.099,,N,3/3/2022,F,20.5,,0.186,no,,
4,14,dry,32,Aripo,guppy,LP,14,F,2Y4B,CC,2/2/2022,2/3/2022,F,18.58,0.143,,Y,,,,,,,died after processing,
4,14,dry,32,Aripo,guppy,LP,14,F,1P2O,CC,2/2/2022,2/3/2022,F,18.44,0.086,,N,3/3/2022,F,19.01,,0.162,no,replacement before meso,
4,14,dry,32,Aripo,guppy,LP,14,F,2S3S,CC,2/2/2022,2/3/2022,F,15.93,0.087,,N,3/3/2022,F,17.58,,0.128,no,,
4,14,dry,32,Aripo,guppy,LP,-,M,1W4P,CC,2/2/2022,2/3/2022,M,16.37,0.084,,N,3/3/2022,M,17.75,,0.132,no,,
4,14,dry,32,Aripo,guppy,LP,-,M,2G4R,CC,2/2/2022,2/3/2022,M,17.72,0.113,,N,3/3/2022,M,18.98,,0.16,no,,
4,14,dry,32,Aripo,guppy,LP,-,M,1R3R,CC,2/2/2022,2/3/2022,M,15.13,0.076,,N,,,,,,yes,,
4,14,dry,32,Aripo,guppy,LP,-,M,2K4P,CC,2/2/2022,2/3/2022,M,17.75,0.122,,N,3/3/2022,M,18.59,,0.166,no,,
4,14,dry,32,Aripo,guppy,LP,-,M,2K3Y,THA,2/2/2022,2/3/2022,IM,15.77,0.084,,N,3/3/2022,M,16.42,,0.103,no,,
4,14,dry,32,Aripo,guppy,LP,-,M,2B4B,THA,2/2/2022,2/3/2022,I,14.42,0.055,,Y,,,,,,,died before processing,
4,14,dry,32,Aripo,guppy,LP,-,M,3K4S,CC,2/2/2022,2/3/2022,M,15.7,0.084,,,3/3/2022,M,17.2,,0.121,no,replacement before meso,
4,14,dry,32,Aripo,guppy,LP,18,F,1S3G,THA,2/2/2022,2/3/2022,F,19.7,0.159,,N,,,,,,yes,,
4,14,dry,32,Aripo,guppy,LP,18,F,3R4K,THA,2/2/2022,2/3/2022,F,22.73,0.219,,N,3/3/2022,F,24.73,,0.39,no,sheen queen,
4,14,dry,32,Aripo,guppy,LP,18,F,1K2S,THA,2/2/2022,2/3/2022,F,21.86,0.192,,N,3/3/2022,F,23.17,,0.313,no,,
4,14,dry,32,Aripo,guppy,LP,18,F,1W3P,THA,2/2/2022,2/3/2022,F,22.63,0.222,,N,3/3/2022,F,23.18,,0.315,no,,
4,14,dry,32,Aripo,guppy,LP,18,F,1Y2K,THA,2/2/2022,2/3/2022,F,22.36,0.218,,N,3/3/2022,F,22.77,,0.283,no,,
4,14,dry,32,Aripo,guppy,LP,18,F,1Y4S,THA,2/2/2022,2/3/2022,F,22.22,0.248,,N,,,,,,yes,,
4,14,dry,32,Aripo,guppy,LP,18,F,2W3G,THA,2/2/2022,2/3/2022,F,24.33,0.293,,N,3/3/2022,F,23.43,,0.347,no,,
4,14,dry,32,Aripo,guppy,LP,18,F,1O2Y,THA,2/2/2022,2/3/2022,F,19.1,0.147,,N,3/3/2022,F,19.79,,0.137,no,,
4,14,dry,32,Aripo,guppy,LP,18,F,1R3W,THA,2/2/2022,2/3/2022,F,20.43,0.202,,N,3/3/2022,F,24.26,,0.387,no,,
4,14,dry,32,Aripo,guppy,LP,18,F,2R4K,THA,2/2/2022,2/3/2022,F,20.46,0.145,,N,3/3/2022,F,20.13,,0.194,no,,
4,14,dry,32,Aripo,guppy,LP,22,F,1B3S,THA,2/2/2022,2/3/2022,F,24.34,0.307,,N,3/3/2022,F,23.96,,0.315,no,,
4,14,dry,32,Aripo,guppy,LP,22,F,1B4G,THA,2/2/2022,2/3/2022,F,26.57,0.434,,N,3/3/2022,F,27.02,,0.594,no,,
4,14,dry,32,Aripo,guppy,LP,22,F,2W3P,THA,2/2/2022,2/3/2022,F,25.87,0.326,,N,3/3/2022,F,27.03,,0.51,no,,
4,14,dry,32,Aripo,guppy,LP,22,F,1B4W,THA,2/2/2022,2/3/2022,F,26.27,0.305,,N,,,,,,yes,,
5,16,dry,16,Aripo,guppy,HP,10,-,3O4R,ADV,2/2/2022,2/3/2022,F,10.86,0.029,,N,,,,,,yes,,
5,16,dry,16,Aripo,guppy,HP,10,-,1R2S,ADV,2/2/2022,2/3/2022,F,11.61,0.021,,N,3/3/2022,F,19.58,,0.161,no,,
5,16,dry,16,Aripo,guppy,HP,10,-,1W4W,ADV,2/2/2022,2/3/2022,F,12.56,0.034,,N,3/3/2022,F,18.1,,0.135,no,,
5,16,dry,16,Aripo,guppy,HP,14,F,2O4B,ADV,2/2/2022,2/3/2022,F,16.36,0.095,,N,3/3/2022,F,21.62,,0.247,no,,
5,16,dry,16,Aripo,guppy,HP,14,F,2R4P,ADV,2/2/2022,2/3/2022,F,15.09,0.068,,N,3/3/2022,F,21.7,,0.236,no,,
5,16,dry,16,Aripo,guppy,HP,14,F,3Y4R,ADV,2/2/2022,2/3/2022,F,16.82,0.099,,N,3/3/2022,F,21.72,,0.273,no,,
5,16,dry,16,Aripo,guppy,HP,-,M,1P2B,ADV,2/2/2022,2/3/2022,M,14.19,0.054,,Y,,,,,,,died after processing,
5,16,dry,16,Aripo,guppy,HP,-,M,1P2B,TGP,2/3/2022,2/3/2022,M,15.02,0.071,,N,,,,,,yes,replacement before meso,
5,16,dry,16,Aripo,guppy,HP,-,M,1Y2W,ADV,2/2/2022,2/3/2022,M,13.26,0.039,,N,3/3/2022,M,14.37,,0.046,no,,
5,16,dry,16,Aripo,guppy,HP,-,M,1W2O,ADV,2/2/2022,2/3/2022,M,15.7,0.078,,N,3/3/2022,M,16.76,,0.108,no,,
5,16,dry,16,Aripo,guppy,HP,18,F,2B4P,ADV,2/2/2022,2/3/2022,F,20.64,0.221,,N,3/3/2022,F,25.09,,0.428,no,,
5,16,dry,16,Aripo,guppy,HP,18,F,1Y4K,ADV,2/2/2022,2/3/2022,F,19.66,0.172,,N,3/3/2022,F,23.13,,0.306,no,,
5,16,dry,16,Aripo,guppy,HP,18,F,1R2P,ADV,2/2/2022,2/3/2022,F,20.4,0.184,,N,3/3/2022,F,24.28,,0.402,no,,
5,16,dry,16,Aripo,guppy,HP,18,F,2S3K,ADV,2/2/2022,2/3/2022,F,19.96,0.188,,N,3/3/2022,F,23.84,,0.361,no,,
5,16,dry,16,Aripo,guppy,HP,18,F,2K4Y,ADV,2/2/2022,2/3/2022,F,19.77,0.177,,N,3/3/2022,F,23.55,,0.338,no,,
5,16,dry,16,Aripo,guppy,HP,22,F,2G3Y,ADV,2/2/2022,2/3/2022,F,27.45,0.468,,N,3/3/2022,F,29.48,,0.544,no,,
5,16,dry,16,Aripo,guppy,HP,22,F,1Y3K,ADV,2/2/2022,2/3/2022,F,27.19,0.462,,N,3/3/2022,F,30.19,,0.636,no,,
6,15,dry,32,Aripo,guppy,HP,10,-,1P3B,ADV,2/2/2022,2/3/2022,F,13.89,0.045,,N,,,,,,yes,,
6,15,dry,32,Aripo,guppy,HP,10,-,1K2W,CC,2/2/2022,2/3/2022,F,13.87,0.055,,N,3/3/2022,F,18.82,,0.161,no,,
6,15,dry,32,Aripo,guppy,HP,10,-,2W4R,CC,2/2/2022,2/3/2022,I,11.38,0.022,,N,3/3/2022,[M],16.22,,0.103,no,2W3R actual tag,
6,15,dry,32,Aripo,guppy,HP,10,-,2W4K,CC,2/2/2022,2/3/2022,F,10.37,0.02,,N,3/3/2022,F,16.7,,0.095,no,,
6,15,dry,32,Aripo,guppy,HP,10,-,2S3G,CC,2/2/2022,2/3/2022,F,13.99,0.058,,N,3/3/2022,F,20.28,,0.201,no,,
6,15,dry,32,Aripo,guppy,HP,10,-,3P4B,ADV,2/2/2022,2/3/2022,I,11.38,0.028,,N,3/3/2022,M,14.86,,0.065,no,,
6,15,dry,32,Aripo,guppy,HP,14,F,3O4O,CC,2/2/2022,2/3/2022,F,17.03,0.134,,N,3/3/2022,F,21.66,,0.216,no,,
6,15,dry,32,Aripo,guppy,HP,14,F,1R4P,CC,2/2/2022,2/3/2022,F,16.27,0.1,,N,3/3/2022,F,21,,0.217,no,,
6,15,dry,32,Aripo,guppy,HP,14,F,2W3K,CC,2/2/2022,2/3/2022,F,18.98,0.159,,N,3/3/2022,F,23.58,,0.342,no,,
6,15,dry,32,Aripo,guppy,HP,14,F,2W4S,CC,2/2/2022,2/3/2022,F,17.81,0.11,,N,3/3/2022,F,21.25,,0.214,no,,
6,15,dry,32,Aripo,guppy,HP,14,F,1O4B,CC,2/2/2022,2/3/2022,F,14.94,0.05,,N,3/3/2022,F,19.86,,0.173,no,,
6,15,dry,32,Aripo,guppy,HP,14,F,1Y3W,CC,2/2/2022,2/3/2022,F,15.67,0.067,,N,3/3/2022,F,20.05,,0.175,no,,
6,15,dry,32,Aripo,guppy,HP,-,M,1B3G,ADV,2/2/2022,2/3/2022,M,14.79,0.065,,N,3/3/2022,M,15.45,,0.084,no,,
6,15,dry,32,Aripo,guppy,HP,-,M,3G4P,CC,2/2/2022,2/3/2022,M,13.91,0.059,,N,3/3/2022,M,14.78,,0.071,no,,
6,15,dry,32,Aripo,guppy,HP,-,M,3B4G,ADV,2/2/2022,2/3/2022,M,13.62,0.051,,N,3/3/2022,M,15.32,,0.071,no,,
6,15,dry,32,Aripo,guppy,HP,-,M,2W3W,ADV,2/2/2022,2/3/2022,[M],13.75,0.056,,N,3/3/2022,M,16,,0.096,no,,
6,15,dry,32,Aripo,guppy,HP,-,M,3W4B,ADV,2/2/2022,2/3/2022,M,14.43,0.067,,N,3/3/2022,M,14.61,,0.079,no,,
6,15,dry,32,Aripo,guppy,HP,-,M,1P2P,ADV,2/2/2022,2/3/2022,M,14.54,0.063,,N,3/3/2022,M,15.15,,0.079,no,,
6,15,dry,32,Aripo,guppy,HP,18,F,1O4S,THA,2/2/2022,2/3/2022,F,22.02,0.219,,N,3/3/2022,F,25.27,,0.442,no,,
6,15,dry,32,Aripo,guppy,HP,18,F,3S4G,THA,2/2/2022,2/3/2022,F,21.09,0.2,,N,3/3/2022,F,23.97,,0.351,no,,
6,15,dry,32,Aripo,guppy,HP,18,F,3P4G,THA,2/2/2022,2/3/2022,F,23.97,0.383,,N,3/3/2022,F,25.11,,0.459,no,,
6,15,dry,32,Aripo,guppy,HP,18,F,2S3Y,THA,2/2/2022,2/3/2022,F,23.16,0.322,,N,3/3/2022,F,25.56,,0.5,no,,
6,15,dry,32,Aripo,guppy,HP,18,F,3Y4S,THA,2/2/2022,2/3/2022,F,22.01,0.219,,N,3/3/2022,F,23.96,,0.327,no,,
6,15,dry,32,Aripo,guppy,HP,18,F,2S4S,ADV,2/2/2022,2/3/2022,F,22.45,0.32,,N,3/3/2022,F,26.43,,0.555,no,,
6,15,dry,32,Aripo,guppy,HP,18,F,1Y2G,THA,2/2/2022,2/3/2022,F,22.73,0.244,,N,3/3/2022,F,24.33,,0.328,no,,
6,15,dry,32,Aripo,guppy,HP,18,F,3R4R,ADV,2/2/2022,2/3/2022,F,23.11,0.309,,N,3/3/2022,F,25.82,,0.474,no,,
6,15,dry,32,Aripo,guppy,HP,18,F,3Y4Y,THA,2/2/2022,2/3/2022,F,22.16,0.247,,N,3/3/2022,F,25.96,,0.448,no,,
6,15,dry,32,Aripo,guppy,HP,18,F,1K4O,THA,2/2/2022,2/3/2022,F,22.52,0.225,,N,3/3/2022,F,24.32,,0.316,no,,
6,15,dry,32,Aripo,guppy,HP,22,F,2B4K,THA,2/2/2022,2/3/2022,F,26.52,0.452,,N,3/3/2022,F,27.5,,0.485,no,,
6,15,dry,32,Aripo,guppy,HP,22,F,1G2B,THA,2/2/2022,2/3/2022,F,26.92,0.503,,N,3/3/2022,F,29.39,,0.698,no,,
6,15,dry,32,Aripo,guppy,HP,22,F,2B3P,THA,2/2/2022,2/3/2022,F,25.94,0.397,,N,3/3/2022,F,27.2,,0.539,no,,
6,15,dry,32,Aripo,guppy,HP,22,F,1W4K,THA,2/2/2022,2/3/2022,F,23.67,0.364,,N,3/3/2022,F,26.72,,0.541,no,,
7,12,dry,16,Aripo,guppy,HP,10,-,1K3B,CC,2/2/2022,2/3/2022,I,12.66,0.053,,N,3/3/2022,M,17.22,,0.124,no,,
7,12,dry,16,Aripo,guppy,HP,10,-,3R4O,ADV,2/2/2022,2/3/2022,F,12.71,0.037,,N,3/3/2022,F,18.71,,0.155,no,,
7,12,dry,16,Aripo,guppy,HP,10,-,1W2W,ADV,2/2/2022,2/3/2022,F,12.03,0.027,,N,3/3/2022,F,19.81,,0.164,no,,
7,12,dry,16,Aripo,guppy,HP,14,F,3P4P,ADV,2/2/2022,2/3/2022,F,19.16,0.164,,N,3/3/2022,F,23.99,,0.31,no,,
7,12,dry,16,Aripo,guppy,HP,14,F,1O3R,ADV,2/2/2022,2/3/2022,F,18.23,0.148,,N,3/3/2022,F,21.37,,0.235,no,,
7,12,dry,16,Aripo,guppy,HP,14,F,1W2G,ADV,2/2/2022,2/3/2022,F,16.86,0.1,,N,3/3/2022,F,22.86,,0.302,no,,
7,12,dry,16,Aripo,guppy,HP,-,M,2P3O,ADV,2/2/2022,2/3/2022,M,14.75,0.072,,N,3/3/2022,M,15.98,,0.096,no,,
7,12,dry,16,Aripo,guppy,HP,-,M,1R3S,ADV,2/2/2022,2/3/2022,M,13.38,0.053,,N,3/3/2022,M,15.18,,0.078,no,,
7,12,dry,16,Aripo,guppy,HP,-,M,2O3O,ADV,2/2/2022,2/3/2022,M,14.28,0.06,,N,3/3/2022,M,14.97,,0.073,no,,
7,12,dry,16,Aripo,guppy,HP,18,F,1W2S,THA,2/2/2022,2/3/2022,F,20.71,0.132,,N,3/3/2022,F,19.92,,0.118,no,,
7,12,dry,16,Aripo,guppy,HP,18,F,3S4K,THA,2/2/2022,2/3/2022,F,22.95,0.29,,N,3/3/2022,F,26.28,,0.467,no,,
7,12,dry,16,Aripo,guppy,HP,18,F,3R4B,ADV,2/2/2022,2/3/2022,F,19.83,0.187,,N,3/3/2022,F,24.71,,0.364,no,,
7,12,dry,16,Aripo,guppy,HP,18,F,2P3P,THA,2/2/2022,2/3/2022,F,20,0.18,,N,3/3/2022,F,22.79,,0.312,no,,
7,12,dry,16,Aripo,guppy,HP,18,F,2K4B,ADV,2/2/2022,2/3/2022,F,20.4,0.188,,N,3/3/2022,F,24.56,,0.372,no,,
7,12,dry,16,Aripo,guppy,HP,22,F,1W4O,THA,2/2/2022,2/3/2022,F,23.42,0.487,,N,3/3/2022,F,25.93,,0.427,no,,
7,12,dry,16,Aripo,guppy,HP,22,F,2B3G,THA,2/2/2022,2/3/2022,F,23.29,0.273,,N,3/3/2022,F,26.04,,0.427,no,,
8,11,dry,32,Aripo,guppy,HP,10,-,1R2O,CC,2/2/2022,2/3/2022,F,13.33,0.045,,N,3/3/2022,F,18.93,,0.147,no,1R dot,
8,11,dry,32,Aripo,guppy,HP,10,-,1Y3B,CC,2/2/2022,2/3/2022,F,14.61,0.061,,N,3/3/2022,F,18.55,,0.132,no,,
8,11,dry,32,Aripo,guppy,HP,10,-,1G4W,CC,2/2/2022,2/3/2022,F,13.54,0.049,,N,,,,,,yes,,
8,11,dry,32,Aripo,guppy,HP,10,-,1Y3S,CC,2/2/2022,2/3/2022,F,12.07,0.029,,N,3/3/2022,F,17.8,,0.125,no,,
8,11,dry,32,Aripo,guppy,HP,10,-,3W4K,CC,2/2/2022,2/3/2022,I,13.07,0.045,,N,3/3/2022,M,14.9,,0.057,no,,
8,11,dry,32,Aripo,guppy,HP,10,-,1S4B,CC,2/2/2022,2/3/2022,F,13.04,0.043,,N,3/3/2022,F,17.88,,0.125,no,,
8,11,dry,32,Aripo,guppy,HP,14,F,1B3W,THA,2/2/2022,2/3/2022,F,16.65,0.088,,N,3/3/2022,F,21.72,,0.212,no,,
8,11,dry,32,Aripo,guppy,HP,14,F,2Y3P,THA,2/2/2022,2/3/2022,F,18.57,0.141,,N,3/3/2022,F,21.86,,0.288,no,,
8,11,dry,32,Aripo,guppy,HP,14,F,2Y3O,THA,2/2/2022,2/3/2022,F,19,0.124,,N,3/3/2022,F,21.52,,0.234,no,,
8,11,dry,32,Aripo,guppy,HP,14,F,1P3Y,THA,2/2/2022,2/3/2022,F,18.61,0.133,,N,3/3/2022,F,21.52,,0.234,no,looks like 2P4Y,
8,11,dry,32,Aripo,guppy,HP,14,F,2G4S,THA,2/2/2022,2/3/2022,F,15.97,0.083,,N,3/3/2022,F,20.76,,0.213,no,tail rot,
8,11,dry,32,Aripo,guppy,HP,14,F,2B3S,THA,2/2/2022,2/3/2022,F,16.8,0.08,,N,3/3/2022,F,21.11,,0.203,no,,
8,11,dry,32,Aripo,guppy,HP,-,M,3Y4G,CC,2/2/2022,2/3/2022,M,13.55,0.061,,N,3/3/2022,M,15.45,,0.083,no,,
8,11,dry,32,Aripo,guppy,HP,-,M,1Y4P,CC,2/2/2022,2/3/2022,M,14.75,0.07,,N,3/3/2022,M,15.88,,0.093,no,,
8,11,dry,32,Aripo,guppy,HP,-,M,2O4W,CC,2/2/2022,2/3/2022,M,13.64,0.055,,N,3/3/2022,M,14.84,,0.072,no,,
8,11,dry,32,Aripo,guppy,HP,-,M,3B4S,CC,2/2/2022,2/3/2022,M,14.96,0.066,,N,3/3/2022,M,15.09,,0.075,no,,
8,11,dry,32,Aripo,guppy,HP,-,M,1P4W,CC,2/2/2022,2/3/2022,M,12.45,0.044,,N,3/3/2022,M,13.93,,0.061,no,,
8,11,dry,32,Aripo,guppy,HP,-,M,3B4B,CC,2/2/2022,2/3/2022,M,14.03,0.064,,N,3/3/2022,M,14.88,,0.082,no,,
8,11,dry,32,Aripo,guppy,HP,18,F,2P3S,THA,2/2/2022,2/3/2022,F,19.81,0.164,,N,3/3/2022,F,22.9,,0.313,no,,
8,11,dry,32,Aripo,guppy,HP,18,F,3B4K,THA,2/2/2022,2/3/2022,F,21.16,0.191,,N,3/3/2022,F,24.42,,0.333,no,,
8,11,dry,32,Aripo,guppy,HP,18,F,1K4S,THA,2/2/2022,2/3/2022,F,21.59,0.215,,N,3/3/2022,F,23.2,,0.284,no,,
8,11,dry,32,Aripo,guppy,HP,18,F,1P4S,THA,2/2/2022,2/3/2022,F,21.07,0.191,,N,3/3/2022,F,22.92,,0.292,no,,
8,11,dry,32,Aripo,guppy,HP,18,F,3W4S,THA,2/2/2022,2/3/2022,F,20.5,0.19,,N,3/3/2022,F,22.29,,0.281,no,,
8,11,dry,32,Aripo,guppy,HP,18,F,1S3O,CC,2/2/2022,2/3/2022,F,20.35,0.187,,N,3/3/2022,F,22.72,,0.256,no,,
8,11,dry,32,Aripo,guppy,HP,18,F,3G4K,THA,2/2/2022,2/3/2022,F,20.07,0.181,,N,3/3/2022,F,23.57,,0.331,no,,
8,11,dry,32,Aripo,guppy,HP,18,F,2K3K,TGP,2/3/2022,2/3/2022,F,21.86,0.253,,N,3/3/2022,F,24.34,,0.344,no,,
8,11,dry,32,Aripo,guppy,HP,18,F,2K4R,TGP,2/3/2022,2/3/2022,F,20.13,0.203,,N,3/3/2022,F,22.92,,0.365,no,,
8,11,dry,32,Aripo,guppy,HP,18,F,2P3W,TGP,2/3/2022,2/3/2022,F,22.09,0.276,,N,3/3/2022,F,24.85,,0.381,no,,
8,11,dry,32,Aripo,guppy,HP,22,F,2R4R,TGP,2/3/2022,2/3/2022,F,28.81,0.578,,N,3/3/2022,F,31,,0.852,no,,
8,11,dry,32,Aripo,guppy,HP,22,F,1W3G,TGP,2/3/2022,2/3/2022,F,28.05,0.669,,N,3/3/2022,F,30.26,,0.701,no,,
8,11,dry,32,Aripo,guppy,HP,22,F,2K3W,TGP,2/3/2022,2/3/2022,F,27.33,0.511,,N,3/3/2022,F,29.61,,0.653,no,,
8,11,dry,32,Aripo,guppy,HP,22,F,3B4R,TGP,2/3/2022,2/3/2022,F,29.28,0.603,,N,3/3/2022,F,30.19,,0.681,no,,
9,2,dry,16,Quare,guppy,LP,10,-,2P,RSM,2/5/2022,2/9/2022,IM,11.01,0.028,,N,,,,,,yes,,
9,2,dry,16,Quare,guppy,LP,10,-,1K2P,RSM,2/5/2022,2/9/2022,F,12.13,0.038,,N,,,,,,yes,,
9,2,dry,16,Quare,guppy,LP,10,-,3O4B,RSM,2/5/2022,2/9/2022,F,13.95,0.046,,N,3/9/2022,F,19.31,,0.166,no,,
9,2,dry,16,Quare,guppy,LP,14,F,2S4B,RSM,2/5/2022,2/9/2022,F,18.98,0.199,,N,3/9/2022,F,22.35,,0.276,no,,
9,2,dry,16,Quare,guppy,LP,14,F,1B2R,RSM,2/5/2022,2/9/2022,F,16.65,0.109,,N,3/9/2022,F,20.52,,0.227,no,,
9,2,dry,16,Quare,guppy,LP,14,F,2P3Y,RSM,2/5/2022,2/9/2022,F,17.76,0.104,,N,,,,,,yes,,
9,2,dry,16,Quare,guppy,LP,-,M,1K4K,RSM,2/5/2022,2/9/2022,M,17.79,0.273,,N,3/9/2022,M,17.47,,0.136,no,,
9,2,dry,16,Quare,guppy,LP,-,M,1G2W,RSM,2/5/2022,2/9/2022,M,15.13,0.075,,N,3/9/2022,M,17.13,,0.098,no,,
9,2,dry,16,Quare,guppy,LP,-,M,1Y2P,RSM,2/5/2022,2/9/2022,M,16.35,0.071,,N,3/9/2022,M,16.56,,0.094,no,,
9,2,dry,16,Quare,guppy,LP,18,F,1P4R,RSM,2/5/2022,2/9/2022,F,23.81,0.281,,N,3/9/2022,F,26.89,,0.47,no,,
9,2,dry,16,Quare,guppy,LP,18,F,2S3W,RSM,2/5/2022,2/9/2022,F,22.05,0.192,,N,3/9/2022,F,23.23,,0.299,no,,
9,2,dry,16,Quare,guppy,LP,18,F,1K2Y,RSM,2/5/2022,2/9/2022,F,24.24,0.269,,N,3/9/2022,F,25.62,,0.436,no,,
9,2,dry,16,Quare,guppy,LP,18,F,1R4S,RSM,2/5/2022,2/9/2022,F,24.81,0.314,,N,3/9/2022,F,27.81,,0.473,no,,
9,2,dry,16,Quare,guppy,LP,18,F,2W4P,RSM,2/5/2022,2/9/2022,F,23.3,0.265,,N,3/9/2022,F,26.62,,0.392,no,,
9,2,dry,16,Quare,guppy,LP,22,F,2R3W,RSM,2/5/2022,2/9/2022,F,26.91,0.425,,N,3/9/2022,F,27.6,,0.526,no,,
9,2,dry,16,Quare,guppy,LP,22,F,3S4S,RSM,2/5/2022,2/9/2022,F,25.13,0.31,,N,3/9/2022,F,25.72,,0.38,no,,
10,7,dry,32,Quare,guppy,LP,10,-,4G,RSM,2/5/2022,2/9/2022,IM,9.39,0.017,,N,,,,,,yes,,
10,7,dry,32,Quare,guppy,LP,10,-,2R,RSM,2/5/2022,2/9/2022,IM,10.7,0.025,,N,,,,,,yes,,
10,7,dry,32,Quare,guppy,LP,10,-,3O4Y,RSM,2/5/2022,2/9/2022,F,13.7,0.039,,N,3/9/2022,F,22.86,,0.26,no,,
10,7,dry,32,Quare,guppy,LP,10,-,2R3Y,RSM,2/5/2022,2/9/2022,F,13.92,0.049,,N,3/10/2022,[M],17.14,,0.102,no,,
10,7,dry,32,Quare,guppy,LP,10,-,3P4S,RSM,2/5/2022,2/9/2022,F,12.92,0.035,,N,3/11/2022,I,16.1,,0.079,no,,
10,7,dry,32,Quare,guppy,LP,10,-,1P4O,RSM,2/5/2022,2/9/2022,I,10.8,0.025,,N,3/12/2022,[M],16.16,,0.098,no,,
10,7,dry,32,Quare,guppy,LP,14,F,2W4B,RSM,2/5/2022,2/9/2022,F,19.39,0.143,,N,3/13/2022,F,20.28,,0.166,no,,
10,7,dry,32,Quare,guppy,LP,14,F,1R2R,RSM,2/5/2022,2/9/2022,F,20.2,0.184,,N,3/14/2022,F,23.01,,0.337,no,,
10,7,dry,32,Quare,guppy,LP,14,F,2R4W,RSM,2/5/2022,2/9/2022,F,19.72,0.159,,N,3/15/2022,F,22.71,,0.262,no,,
10,7,dry,32,Quare,guppy,LP,14,F,3R4S,TGP,2/5/2022,2/9/2022,F,17.77,0.136,,N,3/16/2022,F,21.08,,0.205,no,,
10,7,dry,32,Quare,guppy,LP,14,F,2P4P,TGP,2/5/2022,2/9/2022,F,17.2,0.117,,N,,,,,,yes,,
10,7,dry,32,Quare,guppy,LP,14,F,1W3B,RSM,2/5/2022,2/9/2022,F,20.4,0.205,,N,3/9/2022,F,23.37,,0.31,no,,
10,7,dry,32,Quare,guppy,LP,-,M,2O3S,RSM,2/5/2022,2/9/2022,M,15.83,0.084,,N,3/10/2022,M,16.36,,0.107,no,,
10,7,dry,32,Quare,guppy,LP,-,M,3K4O,RSM,2/5/2022,2/9/2022,M,15.57,0.065,,N,,,,,,yes,,
10,7,dry,32,Quare,guppy,LP,-,M,1S3B,RSM,2/5/2022,2/9/2022,M,17.19,0.096,,N,3/9/2022,M,18.33,,0.115,no,,
10,7,dry,32,Quare,guppy,LP,-,M,1Y2Y,RSM,2/5/2022,2/9/2022,M,16.18,0.086,,N,3/9/2022,M,16.66,,0.092,no,,
10,7,dry,32,Quare,guppy,LP,-,M,1B4Y,RSM,2/5/2022,2/9/2022,M,15.82,0.083,,N,,,,,,yes,,
10,7,dry,32,Quare,guppy,LP,-,M,1B4R,RSM,2/5/2022,2/9/2022,M,16.07,0.08,,N,,,,,,yes,,
10,7,dry,32,Quare,guppy,LP,18,F,1O3S,RSM,2/5/2022,2/9/2022,F,20.78,0.173,,N,3/9/2022,F,22.79,,0.291,no,,
10,7,dry,32,Quare,guppy,LP,18,F,2Y3B,RSM,2/5/2022,2/9/2022,F,21.94,0.195,,N,,,,,,yes,,
10,7,dry,32,Quare,guppy,LP,18,F,2B4Y,RSM,2/5/2022,2/9/2022,F,20.38,0.161,,N,3/9/2022,F,22.57,,0.244,no,,
10,7,dry,32,Quare,guppy,LP,18,F,1Y2S,RSM,2/5/2022,2/9/2022,F,22.67,0.221,,N,3/9/2022,F,23.59,,0.259,no,,
10,7,dry,32,Quare,guppy,LP,18,F,2Y4P,RSM,2/5/2022,2/9/2022,F,22.14,0.223,,N,3/9/2022,F,22.39,,0.259,no,,
10,7,dry,32,Quare,guppy,LP,18,F,1Y2R,RSM,2/5/2022,2/9/2022,F,20.42,0.163,,N,,,,,,yes,,
10,7,dry,32,Quare,guppy,LP,18,F,1G3R,RSM,2/5/2022,2/9/2022,F,21.93,0.198,,N,3/9/2022,F,24.32,,0.34,no,,
10,7,dry,32,Quare,guppy,LP,18,F,1K4Y,RSM,2/5/2022,2/9/2022,F,22.52,0.395,,N,,,,,,yes,,
10,7,dry,32,Quare,guppy,LP,18,F,1O4G,RSM,2/5/2022,2/9/2022,F,22.24,0.213,,N,3/9/2022,F,22.96,,0.277,no,,
10,7,dry,32,Quare,guppy,LP,18,F,3K4B,RSM,2/5/2022,2/9/2022,F,22.82,0.2,,N,3/9/2022,F,24.27,,0.334,no,,
10,7,dry,32,Quare,guppy,LP,22,F,1S3R,RSM,2/5/2022,2/9/2022,F,25.82,0.303,,N,3/9/2022,F,25.8,,0.323,no,,
10,7,dry,32,Quare,guppy,LP,22,F,1Y4R,RSM,2/5/2022,2/9/2022,F,23.35,0.276,,N,3/9/2022,F,24.26,,0.386,no,,
10,7,dry,32,Quare,guppy,LP,22,F,2B3B,RSM,2/5/2022,2/9/2022,F,23.7,0.272,,N,3/9/2022,F,23.13,,0.3,no,,
10,7,dry,32,Quare,guppy,LP,22,F,2K4K,RSM,2/5/2022,2/9/2022,F,20.3,0.185,,N,3/9/2022,F,23.74,,0.306,no,,
11,5,dry,16,Quare,guppy,LP,10,-,3P,TGP,2/5/2022,2/9/2022,IM,11.79,0.031,,N,3/9/2022,[M],15.69,,0.077,no,,
11,5,dry,16,Quare,guppy,LP,10,-,1S4K,TGP,2/5/2022,2/9/2022,IM,13.56,0.049,,N,,,,,,yes,,
11,5,dry,16,Quare,guppy,LP,10,-,2O3R,TGP,2/5/2022,2/9/2022,F,14.64,0.062,,N,3/9/2022,F,20.16,,0.194,no,,
11,5,dry,16,Quare,guppy,LP,14,F,1R2W,TGP,2/5/2022,2/9/2022,F,19.87,0.16,,N,3/9/2022,F,22.1,,0.301,no,,
11,5,dry,16,Quare,guppy,LP,14,F,2O4S,TGP,2/5/2022,2/9/2022,F,19.71,0.164,,N,3/9/2022,F,23.54,,0.318,no,,
11,5,dry,16,Quare,guppy,LP,14,F,1G3W,TGP,2/5/2022,2/9/2022,F,15.65,0.085,,N,3/9/2022,F,19.25,,0.16,no,,
11,5,dry,16,Quare,guppy,LP,-,M,2B4R,TGP,2/5/2022,2/9/2022,M,16.46,0.086,,N,3/9/2022,[M],16.07,,0.111,no,,
11,5,dry,16,Quare,guppy,LP,-,M,1R3K,TGP,2/5/2022,2/9/2022,M,16.92,0.092,,N,3/9/2022,M,17.41,,0.112,no,,
11,5,dry,16,Quare,guppy,LP,-,M,1Y3O,TGP,2/5/2022,2/9/2022,M,15.27,0.07,,N,3/9/2022,M,15.63,,0.093,no,,
11,5,dry,16,Quare,guppy,LP,18,F,1R4O,TGP,2/5/2022,2/9/2022,F,21.22,0.23,,N,3/9/2022,F,24.9,,0.392,no,,
11,5,dry,16,Quare,guppy,LP,18,F,2G4W,TGP,2/5/2022,2/9/2022,F,22.54,0.243,,N,3/9/2022,F,24.32,,0.354,no,,
11,5,dry,16,Quare,guppy,LP,18,F,3G4O,TGP,2/5/2022,2/9/2022,F,22.17,0.242,,N,3/9/2022,F,24.03,,0.369,no,,
11,5,dry,16,Quare,guppy,LP,18,F,1W2P,TGP,2/5/2022,2/9/2022,F,23.32,0.297,,N,3/9/2022,F,23.84,,0.371,no,,
11,5,dry,16,Quare,guppy,LP,18,F,2Y3K,TGP,2/5/2022,2/9/2022,F,22.65,0.275,,N,3/9/2022,F,24.85,,0.446,no,,
11,5,dry,16,Quare,guppy,LP,22,F,2O4R,TGP,2/5/2022,2/9/2022,F,30,0.539,,N,3/9/2022,F,29.96,,0.514,no,,
11,5,dry,16,Quare,guppy,LP,22,F,1W3O,TGP,2/5/2022,2/9/2022,F,25.62,0.382,,N,3/9/2022,F,28.83,,0.615,no,1R dot,
12,4,dry,32,Quare,guppy,LP,10,-,3S4Y,TGP,2/5/2022,2/9/2022,IM,13.34,0.05,,N,3/9/2022,I,15.75,,0.093,no,,
12,4,dry,32,Quare,guppy,LP,10,-,4S,TGP,2/5/2022,2/9/2022,IM,10.85,0.025,,N,,,,,,yes,,
12,4,dry,32,Quare,guppy,LP,10,-,2S4G,TGP,2/5/2022,2/9/2022,F,13.23,0.044,,N,,,,,,yes,,
12,4,dry,32,Quare,guppy,LP,10,-,1G2S,TGP,2/5/2022,2/9/2022,F,13.24,0.038,,N,3/9/2022,F,19.07,,0.16,no,died?,
12,4,dry,32,Quare,guppy,LP,10,-,1G,TGP,2/9/2022,2/9/2022,IM,12.94,0.052,,N,3/9/2022,[M],14.92,,0.08,no,,
12,4,dry,32,Quare,guppy,LP,10,-,2O3Y,TGP,2/5/2022,2/9/2022,F,14.58,0.067,,N,3/9/2022,F,17.98,,0.137,no,,
12,4,dry,32,Quare,guppy,LP,10,-,3S4P,TGP,2/5/2022,2/9/2022,IM,12.4,0.036,,N,,,,,,yes,,
12,4,dry,32,Quare,guppy,LP,14,F,3O4S,TGP,2/5/2022,2/9/2022,F,18.66,0.138,,N,3/9/2022,F,21.99,,0.219,no,,
12,4,dry,32,Quare,guppy,LP,14,F,2R4B,TGP,2/5/2022,2/9/2022,F,19.32,0.192,,N,3/9/2022,F,22.31,,0.28,no,,
12,4,dry,32,Quare,guppy,LP,14,F,1S3S,TGP,2/5/2022,2/9/2022,F,19.41,0.178,,N,3/9/2022,F,22.65,,0.279,no,,
12,4,dry,32,Quare,guppy,LP,14,F,1B2B,TGP,2/5/2022,2/9/2022,F,19.03,0.12,,N,3/9/2022,F,21.7,,0.277,no,,
12,4,dry,32,Quare,guppy,LP,14,F,1K2B,TGP,2/5/2022,2/9/2022,F,17.36,0.122,,N,3/9/2022,F,21.25,,0.221,no,,
12,4,dry,32,Quare,guppy,LP,14,F,1B3K,TGP,2/5/2022,2/9/2022,F,16.83,0.097,,N,3/9/2022,F,19.71,,0.188,no,,
12,4,dry,32,Quare,guppy,LP,-,M,1W3K,TGP,2/5/2022,2/9/2022,M,16.33,0.097,,N,3/9/2022,M,16.88,,0.122,no,,
12,4,dry,32,Quare,guppy,LP,-,M,2O4G,TGP,2/5/2022,2/9/2022,M,16.39,0.093,,N,3/9/2022,M,17.84,,0.119,no,,
12,4,dry,32,Quare,guppy,LP,-,M,3K4Y,TGP,2/5/2022,2/9/2022,M,15.94,0.082,,N,3/9/2022,M,16.8,,0.106,no,,
12,4,dry,32,Quare,guppy,LP,-,M,2S3R,TGP,2/5/2022,2/9/2022,M,16.56,0.084,,N,3/9/2022,M,17.35,,0.1,no,,
12,4,dry,32,Quare,guppy,LP,-,M,1K3S,TGP,2/5/2022,2/9/2022,M,16.03,0.09,,N,3/9/2022,M,16.46,,0.15,no,,
12,4,dry,32,Quare,guppy,LP,-,M,2G3P,TGP,2/5/2022,2/9/2022,M,15.37,0.075,,N,,,,,,yes,,
12,4,dry,32,Quare,guppy,LP,18,F,3W4Y,TGP,2/5/2022,2/9/2022,F,20.21,0.188,,N,3/9/2022,F,23.74,,0.324,no,,
12,4,dry,32,Quare,guppy,LP,18,F,3Y4O,RSM,2/5/2022,2/9/2022,F,20.45,0.183,,N,3/9/2022,F,23.96,,0.325,no,,
12,4,dry,32,Quare,guppy,LP,18,F,2S3B,TGP,2/5/2022,2/9/2022,F,21.86,0.223,,N,3/9/2022,F,24.45,,0.346,no,,
12,4,dry,32,Quare,guppy,LP,18,F,1O3P,TGP,2/5/2022,2/9/2022,F,20.54,0.226,,N,3/9/2022,F,21.84,,0.296,no,,
12,4,dry,32,Quare,guppy,LP,18,F,2K3R,TGP,2/5/2022,2/9/2022,F,21.05,0.214,,N,3/9/2022,F,23.14,,0.3,no,,
12,4,dry,32,Quare,guppy,LP,18,F,2R3O,TGP,2/5/2022,2/9/2022,F,21.19,0.229,,N,3/9/2022,F,24.2,,0.339,no,,
12,4,dry,32,Quare,guppy,LP,18,F,3P4Y,TGP,2/5/2022,2/9/2022,F,21.44,0.214,,N,3/9/2022,F,23,,0.319,no,,
12,4,dry,32,Quare,guppy,LP,18,F,3Y4P,TGP,2/5/2022,2/9/2022,F,20.86,0.191,,N,3/9/2022,F,22.59,,0.252,no,,
12,4,dry,32,Quare,guppy,LP,18,F,1B2O,TGP,2/5/2022,2/9/2022,F,21.53,0.202,,N,3/9/2022,F,22.48,,0.241,no,,
12,4,dry,32,Quare,guppy,LP,18,F,1K4W,TGP,2/5/2022,2/9/2022,F,21.64,0.214,,N,3/9/2022,F,23.77,,0.322,no,,
12,4,dry,32,Quare,guppy,LP,22,F,2Y3B,TGP,2/5/2022,2/9/2022,F,25.24,0.354,,N,3/9/2022,F,27.79,,0.505,no,,
12,4,dry,32,Quare,guppy,LP,22,F,2P3B,TGP,2/5/2022,2/9/2022,F,21.88,0.218,,N,3/9/2022,F,24.46,,0.305,no,,
12,4,dry,32,Quare,guppy,LP,22,F,3Y4B,TGP,2/5/2022,2/9/2022,F,22.16,0.256,,N,3/9/2022,F,25.7,,0.398,no,,
12,4,dry,32,Quare,guppy,LP,22,F,1G4S,TGP,2/5/2022,2/9/2022,F,22.52,0.264,,N,3/9/2022,F,25.19,,0.395,no,,
13,3,dry,16,Quare,guppy,HP,10,-,1O2R,ADV,2/7/2022,2/9/2022,IM,13.77,0.056,,N,3/9/2022,[M],16.68,,0.116,no,,
13,3,dry,16,Quare,guppy,HP,10,-,1G2R,TGP,2/7/2022,2/9/2022,IM,13.79,0.053,,N,3/9/2022,M,18.65,,0.155,no,,
13,3,dry,16,Quare,guppy,HP,10,-,1R,ADV,2/7/2022,2/9/2022,F,10.46,0.012,,N,3/9/2022,F,17.46,,0.126,no,,
13,3,dry,16,Quare,guppy,HP,14,F,1K2O,TGP,2/7/2022,2/9/2022,F,16.28,0.089,,N,3/9/2022,F,21.65,,0.27,no,,
13,3,dry,16,Quare,guppy,HP,14,F,1W2Y,ADV,2/7/2022,2/9/2022,F,14.53,0.07,,N,3/9/2022,F,22.56,,0.147,no,,
13,3,dry,16,Quare,guppy,HP,14,F,1O2O,TGP,2/7/2022,2/9/2022,F,18.92,0.17,,N,3/9/2022,F,24.2,,0.412,no,,
13,3,dry,16,Quare,guppy,HP,-,M,1Y2B,ADV,2/7/2022,2/9/2022,M,14.92,0.086,,N,3/9/2022,M,16.55,,0.118,no,,
13,3,dry,16,Quare,guppy,HP,-,M,1B3R,ADV,2/7/2022,2/9/2022,M,18.92,0.082,,N,3/9/2022,M,17.52,,0.14,no,,
13,3,dry,16,Quare,guppy,HP,-,M,3G4S,TGP,2/7/2022,2/9/2022,M,14.92,0.086,,N,3/9/2022,M,17.35,,0.119,no,,
13,3,dry,16,Quare,guppy,HP,18,F,1W3Y,TGP,2/7/2022,2/9/2022,F,15.2,0.238,,N,3/9/2022,F,27.29,,0.625,no,,
13,3,dry,16,Quare,guppy,HP,18,F,1O3G,ADV,2/7/2022,2/9/2022,F,15.87,0.209,,N,3/9/2022,F,26.54,,0.429,no,,
13,3,dry,16,Quare,guppy,HP,18,F,1O2K,ADV,2/7/2022,2/9/2022,F,21.33,0.297,,N,3/9/2022,F,26.16,,0.5,no,,
13,3,dry,16,Quare,guppy,HP,18,F,1S2W,TGP,2/7/2022,2/9/2022,F,20.32,0.27,,N,3/9/2022,F,27.78,,0.55,no,,
13,3,dry,16,Quare,guppy,HP,18,F,1G2K,TGP,2/7/2022,2/9/2022,F,21.53,0.354,,N,3/9/2022,F,29.07,,0.69,no,,
13,3,dry,16,Quare,guppy,HP,22,F,1S2R,TGP,2/7/2022,2/9/2022,F,22.61,0.37,,N,3/9/2022,F,30.79,,0.837,no,,
13,3,dry,16,Quare,guppy,HP,22,F,1P3G,TGP,2/7/2022,2/9/2022,F,24.86,0.309,,N,3/9/2022,F,28.01,,0.566,no,,
14,6,dry,32,Quare,guppy,HP,10,-,1B,ADV,2/7/2022,2/9/2022,IM,10.46,0.028,,N,3/9/2022,F,15.76,,,yes,,
14,6,dry,32,Quare,guppy,HP,10,-,1G,ADV,2/7/2022,2/9/2022,F,10.67,0.023,,N,3/9/2022,F,17.26,,0.124,no,,
14,6,dry,32,Quare,guppy,HP,10,-,1P,TGP,2/7/2022,2/9/2022,F,9.69,0.015,,N,,,,,,yes,,
14,6,dry,32,Quare,guppy,HP,10,-,1S,TGP,2/7/2022,2/9/2022,IM,13.85,0.059,,N,3/9/2022,M,17.8,,0.121,no,,
14,6,dry,32,Quare,guppy,HP,10,-,1W,TGP,2/7/2022,2/9/2022,F,11.23,0.023,,N,3/9/2022,F,18.62,,0.131,no,,
14,6,dry,32,Quare,guppy,HP,10,-,1O,ADV,2/7/2022,2/9/2022,IM,10.07,0.021,,N,3/9/2022,M,18.72,,0.154,no,,
14,6,dry,32,Quare,guppy,HP,14,F,1B2P,ADV,2/7/2022,2/9/2022,F,19.9,0.192,,N,3/9/2022,F,24.93,,0.404,no,,
14,6,dry,32,Quare,guppy,HP,14,F,1K2K,ADV,2/7/2022,2/9/2022,F,19.86,0.167,,N,3/9/2022,F,25.07,,0.383,no,,
14,6,dry,32,Quare,guppy,HP,14,F,2P4O,ADV,2/7/2022,2/9/2022,F,15.91,0.089,,N,3/9/2022,F,22.02,,0.257,no,,
14,6,dry,32,Quare,guppy,HP,14,F,1W2K,ADV,2/7/2022,2/9/2022,F,19.8,0.197,,N,3/9/2022,F,26.13,,0.44,no,,
14,6,dry,32,Quare,guppy,HP,14,F,1S2P,TGP,2/7/2022,2/9/2022,F,18.17,0.133,,N,3/9/2022,F,25.07,,0.365,no,,
14,6,dry,32,Quare,guppy,HP,14,F,1K2R,ADV,2/7/2022,2/9/2022,F,19.74,0.212,,N,3/9/2022,F,25.33,,0.459,no,,
14,6,dry,32,Quare,guppy,HP,-,M,1O4K,TGP,2/7/2022,2/9/2022,M,17.33,0.113,,N,,,,,,yes,,
14,6,dry,32,Quare,guppy,HP,-,M,1P2K,ADV,2/7/2022,2/9/2022,M,18.81,0.129,,N,3/9/2022,M,19.55,,0.168,no,,
14,6,dry,32,Quare,guppy,HP,-,M,1W2R,TGP,2/7/2022,2/9/2022,M,15.68,0.081,,N,3/9/2022,M,17.84,,0.112,no,,
14,6,dry,32,Quare,guppy,HP,-,M,1B3B,ADV,2/7/2022,2/9/2022,M,16.06,0.09,,N,3/9/2022,M,17.05,,0.128,no,,
14,6,dry,32,Quare,guppy,HP,-,M,1R3B,TGP,2/7/2022,2/9/2022,M,15.64,0.081,,N,3/9/2022,M,16.89,,0.102,no,,
14,6,dry,32,Quare,guppy,HP,-,M,1K3O,ADV,2/7/2022,2/9/2022,M,15.28,0.074,,N,,,,,,yes,,
14,6,dry,32,Quare,guppy,HP,18,F,1S2B,TGP,2/7/2022,2/9/2022,F,20.63,0.199,,N,3/9/2022,F,24.69,,0.382,no,,
14,6,dry,32,Quare,guppy,HP,18,F,1K3G,TGP,2/7/2022,2/9/2022,F,21.89,0.251,,N,3/9/2022,F,27.96,,0.59,no,,
14,6,dry,32,Quare,guppy,HP,18,F,1B2K,ADV,2/7/2022,2/9/2022,F,20.36,0.24,,N,3/9/2022,F,26.45,,0.518,no,2K small,
14,6,dry,32,Quare,guppy,HP,18,F,1R2B,ADV,2/7/2022,2/9/2022,F,22.21,0.256,,N,3/9/2022,F,24.21,,0.571,no,,
14,6,dry,32,Quare,guppy,HP,18,F,1K3W,ADV,2/7/2022,2/9/2022,F,20.4,0.22,,N,3/9/2022,F,25.2,,0.412,no,,
14,6,dry,32,Quare,guppy,HP,18,F,1O2G,ADV,2/7/2022,2/9/2022,F,22.85,0.264,,N,3/9/2022,F,28.28,,0.552,no,,
14,6,dry,32,Quare,guppy,HP,18,F,1P2W,TGP,2/7/2022,2/9/2022,F,20.96,0.23,,N,3/9/2022,F,25.34,,0.492,no,,
14,6,dry,32,Quare,guppy,HP,18,F,1O3W,TGP,2/7/2022,2/9/2022,F,21.68,0.237,,N,3/9/2022,F,25.98,,0.482,no,,
14,6,dry,32,Quare,guppy,HP,18,F,1S3G4G,TGP,2/7/2022,2/9/2022,F,20.6,0.221,,N,3/9/2022,F,25.87,,0.508,no,3 marks,
14,6,dry,32,Quare,guppy,HP,18,F,1P4Y,ADV,2/7/2022,2/9/2022,F,20.99,0.215,,N,3/9/2022,F,26.61,,0.44,no,,
14,6,dry,32,Quare,guppy,HP,22,F,1R2K,TGP,2/7/2022,2/9/2022,F,25.68,0.432,,N,3/9/2022,F,31.33,,0.813,no,,
14,6,dry,32,Quare,guppy,HP,22,F,1S3K,ADV,2/7/2022,2/9/2022,F,22.06,0.264,,N,3/9/2022,F,26.63,,0.535,no,,
14,6,dry,32,Quare,guppy,HP,22,F,1G2P,ADV,2/7/2022,2/9/2022,F,24.67,0.412,,N,3/9/2022,F,24.55,,0.368,no,,
14,6,dry,32,Quare,guppy,HP,22,F,1S2O,ADV,2/7/2022,2/9/2022,F,23.02,0.285,,N,3/9/2022,F,26.7,,0.49,no,,
15,8,dry,16,Quare,guppy,HP,10,-,1K,TGP,2/7/2022,2/9/2022,F,12.52,0.039,,N,,,,,,yes,,
15,8,dry,16,Quare,guppy,HP,10,-,3R,TGP,2/7/2022,2/9/2022,IM,10.98,0.03,,N,3/9/2022,M,18.04,,0.144,no,,
15,8,dry,16,Quare,guppy,HP,10,-,3B,ADV,2/7/2022,2/9/2022,IM,11.48,0.035,,N,3/9/2022,M,18.81,,0.14,no,,
15,8,dry,16,Quare,guppy,HP,14,F,1B2W,TGP,2/7/2022,2/9/2022,F,19.07,0.183,,N,3/9/2022,F,24.25,,0.425,no,,
15,8,dry,16,Quare,guppy,HP,14,F,3B4W,TGP,2/7/2022,2/9/2022,F,15.07,0.068,,N,3/9/2022,F,22.4,,0.303,no,,
15,8,dry,16,Quare,guppy,HP,14,F,3Y4W,ADV,2/7/2022,2/9/2022,F,18.8,0.154,,N,3/9/2022,F,25.14,,0.468,no,,
15,8,dry,16,Quare,guppy,HP,-,M,1O3B,TGP,2/7/2022,2/9/2022,M,19.35,0.149,,N,3/9/2022,M,20.19,,0.198,no,,
15,8,dry,16,Quare,guppy,HP,-,M,1R3O,ADV,2/7/2022,2/9/2022,M,15.67,0.091,,N,3/9/2022,M,17.47,,0.145,no,,
15,8,dry,16,Quare,guppy,HP,-,M,1G3B,TGP,2/7/2022,2/9/2022,M,15.15,0.072,,N,,,,,,yes,,
15,8,dry,16,Quare,guppy,HP,18,F,3K4P,ADV,2/7/2022,2/9/2022,F,20.57,0.195,,N,3/9/2022,F,26.7,,0.423,no,,
15,8,dry,16,Quare,guppy,HP,18,F,1S2Y,TGP,2/7/2022,2/9/2022,F,24.64,0.4,,N,3/9/2022,F,27.79,,0.611,no,,
15,8,dry,16,Quare,guppy,HP,18,F,1R2G,TGP,2/7/2022,2/9/2022,F,20.1,0.21,,N,3/9/2022,F,24.96,,0.416,no,,
15,8,dry,16,Quare,guppy,HP,18,F,1B2G,TGP,2/7/2022,2/9/2022,F,22.04,0.236,,N,3/9/2022,F,26.89,,0.489,no,,
15,8,dry,16,Quare,guppy,HP,18,F,1B2S,TGP,2/7/2022,2/9/2022,F,23.51,0.302,,N,3/9/2022,F,26.91,,0.58,no,,
15,8,dry,16,Quare,guppy,HP,22,F,3O4G,ADV,2/7/2022,2/9/2022,F,25.42,0.438,,N,3/9/2022,F,30.47,,0.699,no,,
15,8,dry,16,Quare,guppy,HP,22,F,1G3G,TGP,2/7/2022,2/9/2022,F,22.68,0.325,,N,3/9/2022,F,28.14,,0.671,no,,
16,1,dry,32,Quare,guppy,HP,10,-,3G,ADV,2/7/2022,2/9/2022,F,10.41,0.02,,N,3/9/2022,F,15.03,,0.09,no,,
16,1,dry,32,Quare,guppy,HP,10,-,3P,TGP,2/7/2022,2/9/2022,F,10.92,0.024,,N,3/9/2022,M,15.08,,0.092,no,,
16,1,dry,32,Quare,guppy,HP,10,-,3S,ADV,2/7/2022,2/9/2022,IM,12.51,0.043,,N,3/9/2022,I,16.98,,0.093,no,,
16,1,dry,32,Quare,guppy,HP,10,-,3W,ADV,2/7/2022,2/9/2022,F,12.86,0.042,,N,,,,,,yes,,
16,1,dry,32,Quare,guppy,HP,10,-,3O,ADV,2/7/2022,2/9/2022,IM,13.77,0.056,,N,3/9/2022,I,16.53,,0.124,no,,
16,1,dry,32,Quare,guppy,HP,10,-,3K,TGP,2/7/2022,2/9/2022,F,10.63,0.022,,N,,,,,,yes,,
16,1,dry,32,Quare,guppy,HP,14,F,3P4K,TGP,2/7/2022,2/9/2022,F,19.68,0.197,,N,3/9/2022,F,23.03,,0.356,no,,
16,1,dry,32,Quare,guppy,HP,14,F,3O4W,TGP,2/7/2022,2/9/2022,F,19.89,0.183,,N,3/9/2022,F,23.75,,0.347,no,,
16,1,dry,32,Quare,guppy,HP,14,F,1P2G,TGP,2/7/2022,2/9/2022,F,19.72,0.208,,N,3/9/2022,F,23.82,,0.402,no,,
16,1,dry,32,Quare,guppy,HP,14,F,1O2S,ADV,2/7/2022,2/9/2022,F,15.73,0.085,,N,3/9/2022,F,19.83,,0.194,no,,
16,1,dry,32,Quare,guppy,HP,14,F,1Y2R,TGP,2/7/2022,2/9/2022,F,18.73,0.146,,N,3/9/2022,F,22.02,,0.3,no,,
16,1,dry,32,Quare,guppy,HP,14,F,3Y4K,TGP,2/7/2022,2/9/2022,F,14.96,0.065,,N,3/9/2022,F,19.64,,0.184,no,,
16,1,dry,32,Quare,guppy,HP,-,M,1B3B/G,ADV,2/7/2022,2/9/2022,M,15.13,0.083,,N,3/9/2022,M,18.03,,0.139,no,could be 3G,
16,1,dry,32,Quare,guppy,HP,-,M,1O3O,TGP,2/7/2022,2/9/2022,M,17.15,0.104,,N,3/9/2022,M,18.1,,0.134,no,,
16,1,dry,32,Quare,guppy,HP,-,M,1R3Y,ADV,2/7/2022,2/9/2022,M,15.1,0.076,,N,3/9/2022,M,16.53,,0.136,no,,
16,1,dry,32,Quare,guppy,HP,-,M,1P3O,TGP,2/7/2022,2/9/2022,M,17.14,0.114,,N,3/9/2022,M,18.64,,0.159,no,,
16,1,dry,32,Quare,guppy,HP,-,M,1B3Y,ADV,2/7/2022,2/9/2022,M,16.69,0.099,,N,3/9/2022,M,17.76,,0.124,no,,
16,1,dry,32,Quare,guppy,HP,-,M,1G3Y,TGP,2/7/2022,2/9/2022,M,15.35,0.076,,N,3/9/2022,M,16,,0.096,no,,
16,1,dry,32,Quare,guppy,HP,18,F,2G4B,ADV,2/7/2022,2/9/2022,F,21.73,0.264,,N,3/9/2022,F,25.28,,0.492,no,,
16,1,dry,32,Quare,guppy,HP,18,F,1S2G,ADV,2/7/2022,2/9/2022,F,20.42,0.265,,N,3/9/2022,F,25.79,,0.421,no,,
16,1,dry,32,Quare,guppy,HP,18,F,1G2G,ADV,2/7/2022,2/9/2022,F,22.2,0.281,,N,3/9/2022,F,26.97,,0.479,no,,
16,1,dry,32,Quare,guppy,HP,18,F,1O2W,ADV,2/7/2022,2/9/2022,F,20.24,0.193,,N,3/9/2022,F,24.36,,0.309,no,,
16,1,dry,32,Quare,guppy,HP,18,F,1P4G,TGP,2/7/2022,2/9/2022,F,20.58,0.23,,N,3/9/2022,F,24.73,,0.381,no,,
16,1,dry,32,Quare,guppy,HP,18,F,1Y4Y,ADV,2/7/2022,2/9/2022,F,20.36,0.225,,N,3/9/2022,F,24.98,,0.419,no,,
16,1,dry,32,Quare,guppy,HP,18,F,1P2S,TGP,2/7/2022,2/9/2022,F,22.7,0.286,,N,3/9/2022,F,25.88,,0.482,no,,
16,1,dry,32,Quare,guppy,HP,18,F,1Y3G,ADV,2/7/2022,2/9/2022,F,22.87,0.279,,N,3/9/2022,F,25.77,,0.455,no,,
16,1,dry,32,Quare,guppy,HP,18,F,1W4G,TGP,2/7/2022,2/9/2022,F,22.46,0.264,,N,3/9/2022,F,24.89,,0.372,no,,
16,1,dry,32,Quare,guppy,HP,18,F,3K4G,ADV,2/7/2022,2/9/2022,F,22.07,0.26,,N,3/9/2022,F,26.52,,0.484,no,,
16,1,dry,32,Quare,guppy,HP,22,F,3G4G,TGP,2/7/2022,2/9/2022,F,22.32,0.262,,N,3/9/2022,F,25.51,,0.454,no,,
16,1,dry,32,Quare,guppy,HP,22,F,1O3K,ADV,2/7/2022,2/9/2022,F,23.92,0.32,,N,3/9/2022,F,26.7,,0.442,no,,
16,1,dry,32,Quare,guppy,HP,22,F,1W2B,ADV,2/7/2022,2/9/2022,F,24.72,0.387,,N,3/9/2022,F,28.36,,0.582,no,,
16,1,dry,32,Quare,guppy,HP,22,F,1O2P,ADV,2/7/2022,2/9/2022,F,23.51,0.275,,N,3/9/2022,F,26.8,,0.428,no,,
